case_id,patient_group_id,scan_id,split,label,n_readers,median_malignancy,slice_thickness_mm,log_volume,compactness,log_elongation,flatness,log_diameter,log_surface_area,n_slices,z_log_volume,z_compactness,z_log_elongation,z_flatness,z_log_diameter,z_log_surface_area,z_n_slices,rating_subtlety,rating_internalStructure,rating_calcification,rating_sphericity,rating_margin,rating_lobulation,rating_spiculation,rating_texture
LIDC-IDRI-0001-S12-N0,LIDC-IDRI-0001,12,val,1,4,5.0,2.5,8.852189140933396,0.35953122188679837,0.467058906559019,0.6047149953866129,3.489080423783501,7.820626801071273,8.0,1.9861357745430634,-0.6455749689306243,-0.22363886014765816,-0.7657400174621511,1.948746298984452,1.8261590705052375,0.1518895727954936,5.0,1.0,6.0,3.5,3.5,3.0,4.5,5.0
LIDC-IDRI-0003-S14-N1,LIDC-IDRI-0003,14,val,1,4,4.5,2.5,8.78254739660106,0.455670190456921,0.5324200639194376,0.6592006997084967,3.4340505582121588,7.707816575396965,7.75,1.938020815805894,-0.37796873858369,-0.183009717959378,-0.510444770698871,1.8441790452302151,1.722948176317748,0.10460188389895267,5.0,1.0,6.0,4.0,3.0,2.0,2.5,4.0
LIDC-IDRI-0003-S14-N2,LIDC-IDRI-0003,14,val,1,4,3.5,2.5,6.157168943798738,0.7549273026322261,0.6802141926419336,0.659108489421834,2.58845217325699,5.772012920201612,3.5,0.1241665372107133,0.45502405179902994,-0.09113942506741615,-0.5108768261927048,0.23738062812074284,-0.048132636878649944,-0.6992888273422427,3.5,1.0,6.0,3.5,4.0,1.5,1.5,5.0
LIDC-IDRI-0003-S14-N3,LIDC-IDRI-0003,14,val,1,4,3.5,2.5,7.180244566182025,0.7444762704461354,0.28833675936756953,0.9806220860739364,2.7069247914443895,6.463409155656719,5.75,0.8310018100475005,0.42593323287148677,-0.3347343153642061,0.9955897601643519,0.4625012276408342,0.584430796734242,-0.27369962727337455,4.0,1.0,6.0,4.5,5.0,1.0,1.0,5.0
LIDC-IDRI-0004-S15-N0,LIDC-IDRI-0004,15,train,0,4,1.0,1.25,4.510413843461645,1.2595425146235064,0.5420267533577623,0.7600946652299878,1.9194675219072341,4.513388879380677,4.0,-1.0135642083724936,1.8596383998114119,-0.17703810474273832,-0.03770150445482002,-1.0338179668438263,-1.1996569062657354,-0.604713449549161,2.5,1.0,3.0,3.5,5.0,1.0,1.0,5.0
LIDC-IDRI-0007-S18-N0,LIDC-IDRI-0007,18,train,1,4,5.0,2.5,9.023622262638057,0.1845591304564378,0.6062942658693373,0.7712265263829109,3.539278654433835,8.163138134061779,11.25,2.1045776323121843,-1.1326159940217695,-0.13708878301452326,0.014457337489866691,2.044132523681332,2.1395251748277286,0.7666295284505253,5.0,1.0,6.0,4.0,3.0,3.5,5.0,5.0
LIDC-IDRI-0010-S21-N2,LIDC-IDRI-0010,21,test,1,4,3.5,1.25,5.304927939114559,0.9426061917098443,0.7077845137422125,0.5760719932656417,2.305226668512477,5.135011452267803,4.5,-0.46464037978467365,0.9774348990209764,-0.07400144065286665,-0.8999481071899645,-0.3008019190616783,-0.6309299029173164,-0.5101380717560791,4.5,1.0,6.0,3.0,4.5,2.5,1.5,5.0
LIDC-IDRI-0011-S22-N5,LIDC-IDRI-0011,22,val,0,4,1.0,2.5,4.537653112858491,1.4606465527079586,0.49490612645157145,0.8421046958452589,1.8250857161513707,4.479446124328267,2.0,-0.9947448014833505,2.419418625663048,-0.20632875270381454,0.34656022554507454,-1.2131614220710916,-1.2307113792020836,-0.9830149607214882,4.0,1.0,3.0,5.0,5.0,1.0,1.0,5.0
LIDC-IDRI-0011-S22-N9,LIDC-IDRI-0011,22,val,1,4,4.0,2.5,6.720035117156494,0.4436051123773648,0.5213659194745945,0.7094111173506501,2.7256946566249387,6.3325095030314165,5.0,0.5130465540066514,-0.4115523115274386,-0.189881083531177,-0.27518157420399786,0.4981675560043441,0.46466975454561615,-0.4155626939629973,4.5,1.0,6.0,3.0,3.5,2.0,4.5,5.0
LIDC-IDRI-0012-S23-N1,LIDC-IDRI-0012,23,test,0,4,2.5,2.5,5.0021165617287,1.1422694482376974,0.16525352586207256,1.1578939567872313,1.940364954413951,4.863990558303102,3.0,-0.6738504888614681,1.5332046582860726,-0.4112440712657515,1.8262051764683653,-0.9941088542546097,-0.8788888857345994,-0.7938642051353245,3.0,1.0,6.0,4.5,4.5,1.0,1.0,5.0
LIDC-IDRI-0012-S23-N3,LIDC-IDRI-0012,23,test,1,4,3.5,2.5,6.781844059682567,0.7884631339069264,0.37417032016015805,0.8851043228798392,2.5412765620323374,6.176338297316985,4.5,0.5557498887341431,0.5483722281155623,-0.2813793246204172,0.5480369345487811,0.14773795756862002,0.3217875850279306,-0.5101380717560791,4.5,1.0,6.0,5.0,5.0,1.0,1.0,5.0
LIDC-IDRI-0012-S23-N8,LIDC-IDRI-0012,23,test,0,4,2.5,2.5,5.526050341447031,0.940487821777251,0.32839839768448364,1.080701026334749,2.110413240446855,5.2833004126838,3.5,-0.31186857077714397,0.971538341146756,-0.30983160456155073,1.4645141884648933,-0.6709846363147477,-0.49525925682841454,-0.6992888273422427,4.0,1.0,6.0,4.5,5.0,1.0,1.0,5.0
LIDC-IDRI-0013-S24-N1,LIDC-IDRI-0013,24,val,1,4,3.5,2.5,6.121734726406913,0.604809478618219,0.3265464301054797,0.9602330987297442,2.3723173184116333,5.826949278013565,4.0,0.09968530222677065,0.037165761973800476,-0.31098280593456995,0.9000562322404351,-0.17331687181135136,0.002129035583076729,-0.604713449549161,4.0,1.0,6.0,4.5,4.5,1.5,1.0,5.0
LIDC-IDRI-0013-S24-N2,LIDC-IDRI-0013,24,val,1,4,5.0,2.5,7.505495266502311,0.23186272185650275,0.7100843382417462,0.8415492765986773,3.0896710468485424,7.072425902815382,8.25,1.0557150790096612,-1.0009447688701296,-0.07257184698633481,0.3439577833929927,1.189792206762768,1.14162463863715,0.19917726169203448,5.0,1.0,6.0,2.5,3.5,2.5,2.5,5.0
LIDC-IDRI-0014-S25-N0,LIDC-IDRI-0014,25,train,1,4,3.5,2.5,7.330896372973187,0.6007875635783868,0.35436148751473284,0.8774667240292436,2.878321017519271,6.629676290246655,5.75,0.9350860132352603,0.025970618749436708,-0.2936926910086049,0.5122506176146602,0.7881867890793861,0.7365498048511381,-0.27369962727337455,5.0,1.0,6.0,4.0,4.5,1.0,1.0,5.0
LIDC-IDRI-0015-S26-N0,LIDC-IDRI-0015,26,train,1,4,4.5,1.25,8.150072382016486,0.27626348124557687,0.44155167022086445,0.8176532234224784,3.155755975318262,7.443379418926534,16.0,1.5010485727815623,-0.8773536796232668,-0.23949441065907753,0.2319917389376231,1.3153661912324373,1.4810127027153224,1.6650956174848026,5.0,1.0,6.0,3.5,3.5,3.0,3.0,4.0
LIDC-IDRI-0016-S27-N0,LIDC-IDRI-0016,27,train,1,4,4.0,2.5,7.113162199062518,0.49983592665438475,0.5797792294397618,0.7426375709897753,2.8775851308244027,6.55190964546298,5.0,0.7846551058273403,-0.25503184473008295,-0.15357079203532792,-0.11949751383548377,0.7867884638253129,0.66540053714861,-0.4155626939629973,5.0,1.0,6.0,3.5,4.0,3.0,1.5,4.5
LIDC-IDRI-0016-S27-N1,LIDC-IDRI-0016,27,train,1,4,3.5,2.5,6.3228334399373125,0.6384372701987002,0.2929036397523481,0.8882643492268972,2.515288866172429,5.940015096760921,4.0,0.2386228948499421,0.13076991306453317,-0.33189549732604207,0.5628433817828059,0.09835637251008504,0.1055737737280594,-0.604713449549161,5.0,1.0,6.0,4.5,4.0,3.5,1.5,5.0
LIDC-IDRI-0016-S27-N5,LIDC-IDRI-0016,27,train,1,4,4.5,2.5,7.325801710428003,0.36032876442090767,0.38807635691802644,0.8482647361775915,2.9243927307198847,6.7994281541043256,6.25,0.9315661491007328,-0.6433549809874557,-0.27273519456630296,0.3754233748112382,0.8757318425721176,0.8918570170654406,-0.17912424948029276,5.0,1.0,6.0,3.5,3.0,2.0,4.0,4.0
LIDC-IDRI-0017-S28-N0,LIDC-IDRI-0017,28,train,0,4,2.5,1.25,5.012397114937426,1.0661920230878061,0.39732078581099706,0.8221622220147986,2.056347016988591,4.900533424742176,4.75,-0.6667477317697931,1.3214404458999787,-0.2669887660893587,0.2531188570066344,-0.7737207860253831,-0.8454555520203332,-0.4628503828595382,3.0,1.0,6.0,5.0,5.0,1.0,1.0,5.0
LIDC-IDRI-0018-S29-N0,LIDC-IDRI-0018,29,val,0,3,2.0,2.5,4.670522498756377,1.195284907828375,0.3762912800038595,0.9830072760943662,1.7629208345093916,4.631667371742862,2.3333333333333335,-0.902946339494777,1.6807750712224607,-0.28006091499388325,1.0067656765340034,-1.3312865689485012,-1.0914430551996663,-0.9199647088594335,3.0,1.0,6.0,5.0,5.0,1.0,1.0,5.0
LIDC-IDRI-0018-S29-N1,LIDC-IDRI-0018,29,val,1,4,3.5,2.5,6.550565484400912,0.6888849106353945,0.23641580182360292,1.0119192548030256,2.447777229481718,6.070566238775104,4.5,0.3959612560232103,0.27119271027100106,-0.3670088963507869,1.1422340683021783,-0.029928630040925313,0.22501596102926302,-0.5101380717560791,4.0,1.0,6.0,4.0,4.5,1.5,1.0,5.0
LIDC-IDRI-0018-S29-N3,LIDC-IDRI-0018,29,val,1,4,5.0,2.5,7.957040886264066,0.45911558682634157,0.4654117800263754,0.6931683876467889,3.0817468798575707,7.138365511530632,6.0,1.3676845604044419,-0.36837835553522663,-0.22466273029928113,-0.351287623294585,1.1747347761851545,1.2019532652061868,-0.22641193837683365,5.0,1.0,6.0,4.5,4.0,3.0,3.0,5.0
LIDC-IDRI-0021-S32-N2,LIDC-IDRI-0021,32,train,0,4,1.0,2.5,6.030412351979044,0.7584037895820924,0.41169602840052466,1.3310189606491871,2.260236852677984,5.69045881431747,5.0,0.036591358795242966,0.46470097658136184,-0.2580529730473182,2.6373902594531518,-0.38629116094657456,-0.12274708022942213,-0.4155626939629973,5.0,1.0,3.0,4.0,5.0,1.5,1.0,5.0
LIDC-IDRI-0023-S34-N0,LIDC-IDRI-0023,34,train,1,4,5.0,2.5,8.892920659630699,0.22522671917555254,0.42234869438640515,0.7266359307950951,3.6240161908533186,8.020884041475266,10.5,2.0142768752609133,-1.0194163178001139,-0.2514311704583896,-0.1944739270609495,2.2051500253831606,2.0093758731139606,0.6247664617609027,5.0,1.0,6.0,3.5,3.5,3.5,5.0,5.0
LIDC-IDRI-0024-S35-N1,LIDC-IDRI-0024,35,train,1,4,3.5,2.5,7.017155019774293,0.6974595221144415,0.4039645995029076,0.8364637082903337,2.714848966276358,6.372139951585773,4.75,0.7183244658611592,0.2950604455788087,-0.26285890575545123,0.3201291216849594,0.4775586731178389,0.5009279395452224,-0.4628503828595382,4.0,1.0,6.0,5.0,4.0,2.0,1.5,5.0
LIDC-IDRI-0024-S35-N2,LIDC-IDRI-0024,35,train,0,3,2.0,2.5,6.405246617086006,0.6258465278022717,0.7003119712659926,0.6215538847117795,2.672033180819438,6.007813345251732,3.3333333333333335,0.2955615407142061,0.09572313484244317,-0.07864644699968136,-0.6868406353399793,0.396200504129466,0.16760288331679976,-0.7308139532732699,3.0,1.0,6.0,3.0,4.0,2.0,1.0,4.0
LIDC-IDRI-0027-S38-N3,LIDC-IDRI-0027,38,train,0,4,2.5,2.5,5.379629269203967,1.0461070426712415,0.46814750618507234,0.9212121212121213,2.124683612884809,5.145109840403356,3.0,-0.41302979120275135,1.2655331902282216,-0.22296217584800385,0.7172216665816256,-0.6438682034397226,-0.6216908143232392,-0.7938642051353245,3.0,1.0,6.0,5.0,5.0,1.0,1.0,5.0
LIDC-IDRI-0031-S42-N2,LIDC-IDRI-0031,42,train,1,4,4.0,2.5,6.2765853493706665,0.6956671856002701,0.6216629584432986,0.6734598734598735,2.6395525624816587,5.88634397924839,3.25,0.20667043601048324,0.29007141329352126,-0.12753545163160057,-0.4436327632777589,0.3344811263959719,0.056469678798731486,-0.7465765162387836,4.0,1.0,6.0,4.0,4.0,2.0,1.0,5.0
LIDC-IDRI-0031-S42-N3,LIDC-IDRI-0031,42,train,0,4,2.5,2.5,5.43347250122479,0.9988114320812421,0.33771187717920725,0.9939393939393939,2.172023953645281,5.200677836697238,3.25,-0.37582990610804584,1.1338841799445851,-0.3040422535472753,1.0579886121209927,-0.5539125153107981,-0.5708512512302916,-0.7465765162387836,3.0,1.0,6.0,4.0,4.5,1.0,1.0,5.0
LIDC-IDRI-0031-S42-N4,LIDC-IDRI-0031,42,train,1,4,4.5,2.5,7.663530258057683,0.4920316377079033,0.2293928756897401,1.1105491000227843,2.9287940201253093,6.952054677719983,8.0,1.1649002691655772,-0.27675535993487566,-0.37137441673007093,1.6043686958523478,0.8840951329658805,1.0314961312054944,0.1518895727954936,5.0,1.0,6.0,4.5,4.0,1.5,2.0,4.5
LIDC-IDRI-0034-S45-N0,LIDC-IDRI-0034,45,val,0,3,2.0,1.25,4.107168462406444,1.2604925509684672,0.348229693824323,0.8539650094935638,1.7456632787324897,4.234974119812424,3.6666666666666665,-1.2921634171722745,1.8622828596880758,-0.29750427464295054,0.40213226480231073,-1.364079220636187,-1.4543805903845461,-0.6677637014112154,5.0,1.0,6.0,3.0,5.0,1.0,1.0,5.0
LIDC-IDRI-0036-S47-N1,LIDC-IDRI-0036,47,train,1,4,3.5,1.25,5.829149181692295,0.7075309985662812,0.5306751466479163,0.7660076231000306,2.412805756816943,5.580571626177171,6.75,-0.10245985576720763,0.32309475765215806,-0.18409437580196328,-0.009996071308255286,-0.09638110667937906,-0.2232836661631569,-0.08454887168721095,4.0,1.0,6.0,3.5,3.5,2.0,1.5,4.5
LIDC-IDRI-0037-S48-N0,LIDC-IDRI-0037,48,train,1,4,4.0,2.5,7.378506309517994,0.45839436956090973,0.3501318233619362,0.7851926977687627,2.919927393057762,6.768235850302062,6.0,0.9679793612450553,-0.37038588938475575,-0.2963218921000886,0.07989646899536201,0.8672468482591983,0.863318951939199,-0.22641193837683365,5.0,1.0,6.0,3.5,4.0,2.5,4.0,4.5
LIDC-IDRI-0037-S48-N1,LIDC-IDRI-0037,48,train,1,3,4.0,2.5,5.502400202781124,0.547003772225732,0.6175678659119221,0.8397660818713449,2.2639279438623987,5.4806711391954295,3.3333333333333335,-0.3282082741683773,-0.12373847290939455,-0.130081001671573,0.33560254336063716,-0.37927738280077256,-0.31468334672863474,-0.7308139532732699,4.0,1.0,6.0,3.0,4.0,1.0,3.0,5.0
LIDC-IDRI-0039-S50-N0,LIDC-IDRI-0039,50,val,0,4,1.0,1.25,5.314112352787766,1.0439761009204842,0.4213419637383671,0.7868157645964271,2.0994755792608135,5.1038178930587685,5.0,-0.45829493727532694,1.2596016382520516,-0.2520569641911855,0.08750142246781742,-0.6917682813562921,-0.6594691166243243,-0.4155626939629973,4.0,1.0,3.0,4.5,5.0,1.0,1.0,5.0
LIDC-IDRI-0039-S50-N1,LIDC-IDRI-0039,50,val,0,4,1.0,1.25,4.425123620030656,1.3510950742257548,0.5398468778310413,0.7177035690575517,1.89175437359958,4.4282170926386515,3.75,-1.072490583930847,2.1144781980551457,-0.1783931369408299,-0.23632691441508608,-1.0864782410663456,-1.2775811920886349,-0.6520011384457018,4.0,1.0,5.0,4.5,5.0,1.0,1.0,5.0
LIDC-IDRI-0039-S50-N2,LIDC-IDRI-0039,50,val,0,4,1.0,1.25,4.425123620031309,1.454162049125535,0.44576076040000745,0.8202326503514876,1.8476408460063094,4.4096530519900865,3.75,-1.0724905839303958,2.4013687798495065,-0.23687799855320413,0.24407776118042962,-1.1703023679463187,-1.2945655676061785,-0.6520011384457018,3.5,1.0,4.0,4.5,5.0,1.0,1.0,5.0
LIDC-IDRI-0039-S50-N3,LIDC-IDRI-0039,50,val,0,4,1.0,1.25,4.711558031686584,1.1720278792881031,0.7303368454228091,0.6113771143823601,2.0969485708738134,4.678249853654868,3.75,-0.874595197623996,1.6160383070434932,-0.05998268811646964,-0.7345243557733933,-0.6965700798796768,-1.0488244044268962,-0.6520011384457018,4.0,1.0,5.0,3.0,5.0,1.0,1.0,5.0
LIDC-IDRI-0041-S52-N0,LIDC-IDRI-0041,52,train,1,4,3.5,2.5,8.009980909578081,0.45854325706215054,0.4145017324908363,0.7182651324190744,3.1801222185128473,7.176737185673544,6.75,1.4042604253790925,-0.36997145574202567,-0.2563089196212915,-0.23369568373288363,1.3616667065746468,1.2370597883612313,-0.08454887168721095,5.0,1.0,6.0,4.0,4.0,3.5,2.5,5.0
LIDC-IDRI-0042-S53-N8,LIDC-IDRI-0042,53,test,0,4,2.5,2.5,4.938130556432601,1.0841588021188608,0.34163504543973616,1.1604938271604937,1.8937874411820441,4.837805597346912,2.75,-0.7180579399253939,1.3714516128543024,-0.3016035733353165,1.8383869873994205,-1.0826150244004895,-0.9028456965502732,-0.8411518940318654,3.5,1.0,6.0,5.0,5.0,1.0,1.0,5.0
LIDC-IDRI-0043-S54-N0,LIDC-IDRI-0043,54,val,0,3,2.0,2.5,5.834085898059987,0.7681270203509767,0.6052519936111856,0.7318290809131377,2.435960163841803,5.5487195308343304,3.0,-0.09904911546186568,0.4917659344392837,-0.1377366697638633,-0.17014118588847393,-0.052383311486539554,-0.25242537935829756,-0.7938642051353245,4.0,1.0,6.0,3.0,5.0,1.0,1.0,5.0
LIDC-IDRI-0043-S54-N1,LIDC-IDRI-0043,54,val,0,3,2.0,2.5,7.233391285094884,0.44245116907635706,0.6966986654192173,0.7347058360852827,2.9682777839087082,6.66733585942769,5.0,0.867720479460852,-0.4147643536515595,-0.08089251366904669,-0.15666201863367288,0.9591218244514055,0.7710048180084735,-0.4155626939629973,4.0,1.0,6.0,4.0,5.0,1.0,1.0,5.0
LIDC-IDRI-0043-S54-N2,LIDC-IDRI-0043,54,val,1,4,5.0,2.5,7.774054030281995,0.46014206744790154,0.29363650148878045,0.8264481172335361,3.0085379210893026,7.019008942810277,6.5,1.2412603142941419,-0.36552111030215045,-0.3314399432187353,0.2732006140672598,1.0356237736572558,1.092753074255909,-0.13183656058375184,5.0,1.0,6.0,4.5,4.0,4.5,2.0,5.0
LIDC-IDRI-0044-S55-N1,LIDC-IDRI-0044,55,train,0,4,1.0,2.5,6.317758226194302,0.7196369426495202,0.3799829635319862,0.95679012345679,2.5229430302631157,5.899857788184521,4.5,0.2351164677469396,0.35679208256722,-0.2777661279822135,0.883924014939618,0.11290074601413785,0.06883356067060886,-0.5101380717560791,4.0,1.0,3.0,4.5,5.0,1.0,1.0,5.0
LIDC-IDRI-0044-S55-N2,LIDC-IDRI-0044,55,train,1,4,4.0,2.5,9.084143942374629,0.39797465821890304,0.3344318445850032,0.8512795433868413,3.436771151255135,7.940197408250748,11.0,2.1463916068348947,-0.5385662997985732,-0.3060811542649791,0.38954939116742254,1.8493486915692214,1.9355550867951443,0.7193418395539845,5.0,1.0,6.0,4.5,4.0,4.0,3.0,5.0
LIDC-IDRI-0045-S56-N2,LIDC-IDRI-0045,56,train,1,3,4.0,2.5,6.06709092285212,0.5812431767345356,0.6190498684408308,0.6221787515419386,2.534977564097825,5.7950502485529425,3.0,0.06193230826478409,-0.02843187553060527,-0.1291597742346353,-0.6839127933750995,0.13576865856021766,-0.02705561797704575,-0.7938642051353245,4.0,1.0,6.0,3.0,4.0,4.0,4.0,5.0
LIDC-IDRI-0045-S56-N4,LIDC-IDRI-0045,56,train,1,4,3.5,2.5,5.026594851534822,0.870037946327896,0.2682583663630563,1.0524072095130215,1.9976122906001634,4.971952174352459,3.0,-0.6569386220598893,0.7754386130363811,-0.34721524313900337,1.3319422223450246,-0.8853279828571119,-0.78011401968167,-0.7938642051353245,3.0,1.0,6.0,4.5,2.0,1.5,1.0,3.0
LIDC-IDRI-0045-S56-N5,LIDC-IDRI-0045,56,train,0,4,1.0,2.5,5.257304643232471,1.034504710254604,0.19465290477032407,1.1607851877284532,1.9831016572423372,5.070779089792691,3.0,-0.49754295766037954,1.2332376862569705,-0.39296912641855664,1.8397521705978406,-0.9129009573630261,-0.6896965575109439,-0.7938642051353245,5.0,1.0,3.0,5.0,5.0,1.0,1.0,5.0
LIDC-IDRI-0045-S56-N9,LIDC-IDRI-0045,56,train,1,4,5.0,2.5,7.427280900174379,0.3708516756203829,0.7035270964319935,0.8370904977433893,2.9067539877503603,6.859230564510049,6.75,1.0016773600438114,-0.614064084275649,-0.07664789338163187,0.3230659721869026,0.8422148624223327,0.9465706763604916,-0.08454887168721095,5.0,1.0,6.0,4.0,4.0,3.0,2.5,5.0
LIDC-IDRI-0045-S56-N10,LIDC-IDRI-0045,56,train,0,4,2.5,2.5,5.784082748860898,0.7010113359104702,0.6053151223769803,1.4956819159589405,2.1727868833277078,5.54957842871019,5.0,-0.13359591614166455,0.3049470453102817,-0.13769742829836268,3.4089260289135153,-0.5524628032159075,-0.25163956745823834,-0.4155626939629973,4.0,1.0,6.0,4.0,4.5,1.0,1.0,4.5
LIDC-IDRI-0045-S56-N11,LIDC-IDRI-0045,56,train,1,4,3.5,2.5,6.029113048639011,0.7906667685292202,0.38530503008493416,0.8784320339566682,2.3750374048484457,5.6703283059329905,3.5,0.03569367986442172,0.5545061232790405,-0.27445787874906635,0.5167736212023357,-0.1681481881208038,-0.14116462844716363,-0.6992888273422427,4.0,1.0,6.0,4.0,3.0,1.5,1.5,5.0
LIDC-IDRI-0046-S57-N4,LIDC-IDRI-0046,57,test,0,4,2.0,2.5,4.940044133088021,1.1141463631547988,0.608467721459361,0.7383301777713988,2.05298929616456,4.825317400423149,2.25,-0.7167358641689828,1.4549230530567498,-0.1357377415126104,-0.13968000075160245,-0.7801010968220203,-0.9142712385486753,-0.9357272718249473,3.5,1.0,6.0,3.5,4.0,1.0,1.0,5.0
LIDC-IDRI-0047-S58-N0,LIDC-IDRI-0047,58,train,1,4,4.5,2.5,6.955814207206726,0.3972426018839098,0.7075716758969193,0.5574846206425154,2.936116304747581,6.550153978980407,4.0,0.6759445586102922,-0.5406040045828329,-0.07413374276361084,-0.9870400873627561,0.8980088721002275,0.6637942651419877,-0.604713449549161,5.0,1.0,6.0,3.0,4.0,2.5,2.0,5.0
LIDC-IDRI-0048-S59-N2,LIDC-IDRI-0048,59,train,1,3,4.0,1.25,6.573061871331455,0.4277598721357611,1.0855408062551264,0.3505700185874967,3.0543635522925507,6.242756740713041,5.333333333333333,0.41150384099542364,-0.4556580999820369,0.16081560881264825,-1.956547870147265,1.1227012243601981,0.38255430092157094,-0.3525124421009428,4.0,1.0,6.0,5.0,2.0,3.0,2.0,3.0
LIDC-IDRI-0049-S60-N4,LIDC-IDRI-0049,60,train,0,3,2.0,2.5,4.462672646815438,1.1633782450010042,10.190620250285576,0.6249160673075137,1.9872297660242937,4.4987721309269215,1.6666666666666667,-1.0465482430016895,1.591961743087413,5.82062308938096,-0.6710869758044374,-0.9050567623237286,-1.2130298755068496,-1.0460652125835426,4.0,1.0,6.0,3.0,4.0,1.0,1.0,5.0
LIDC-IDRI-0049-S60-N5,LIDC-IDRI-0049,60,train,0,3,2.0,2.5,5.0248514434140095,0.981858482288855,0.5261092198480234,0.7973067065647562,2.033244234493449,4.932871643461012,2.3333333333333335,-0.6581431296522704,1.086695042650143,-0.1869326010823263,0.13665720841051868,-0.8176204847529143,-0.8158690810204634,-0.9199647088594335,4.0,1.0,6.0,4.0,4.0,1.0,1.0,5.0
LIDC-IDRI-0049-S60-N7,LIDC-IDRI-0049,60,train,0,3,2.0,2.5,4.900219065911939,1.0021093949772555,0.5065711209402805,0.8580352272121955,1.9880976992276214,4.840723415094134,2.3333333333333335,-0.7442507043306256,1.143064176688387,-0.19907767670015933,0.42120345512261287,-0.9034075234863843,-0.9001761639173331,-0.9199647088594335,3.0,1.0,6.0,4.0,3.0,1.0,1.0,5.0
LIDC-IDRI-0049-S60-N8,LIDC-IDRI-0049,60,train,0,4,2.5,2.5,4.8438941433135385,0.9900379434216777,0.4471294531564435,0.9476587697805914,1.940299927170284,4.806430006216674,2.5,-0.7831651708288174,1.1094628629479801,-0.2360272055920779,0.841138641802547,-0.9942324184359657,-0.931551452583083,-0.8884395829284063,3.5,1.0,6.0,4.5,4.0,1.0,1.0,5.0
LIDC-IDRI-0049-S60-N9,LIDC-IDRI-0049,60,train,1,4,3.5,2.5,5.571709452819436,0.5191936377274761,1.0215085578939698,0.5058089843543052,2.4480941906437144,5.498178045995296,2.5,-0.2803230332447207,-0.2011489690818315,0.12101252960835984,-1.2291686324928854,-0.029326343302395145,-0.2986661506413943,-0.8884395829284063,3.5,1.0,6.0,3.5,3.5,1.5,2.0,5.0
LIDC-IDRI-0049-S60-N10,LIDC-IDRI-0049,60,train,0,4,2.5,2.5,5.139976417890544,0.7288915107363118,0.7378927007555632,0.9086028610302843,2.035367226616603,5.107947502347143,3.25,-0.5786041484038604,0.3825525012198182,-0.055285893673621404,0.658140404263584,-0.8135863942866689,-0.6556909071158299,-0.7465765162387836,4.0,1.0,6.0,4.0,3.5,1.0,1.0,5.0
LIDC-IDRI-0049-S60-N11,LIDC-IDRI-0049,60,train,0,3,2.0,2.5,4.375116755790777,1.2701213970174428,0.394156937856326,0.881543041656368,1.8011826075882023,4.413935561164507,2.0,-1.1070399513044593,1.8890850943290463,-0.2689554452854384,0.5313503893337576,-1.258581893167818,-1.2906474688822722,-0.9830149607214882,3.0,1.0,6.0,4.0,4.0,1.0,1.0,5.0
LIDC-IDRI-0049-S60-N14,LIDC-IDRI-0049,60,train,0,4,2.0,2.5,5.16994120659188,0.9651408637986058,0.7725839574098232,0.6256372319447646,2.132696146423475,5.035175411475789,2.0,-0.5579017006729042,1.0401609583855431,-0.033721465254402526,-0.6677079260827662,-0.6286428595459452,-0.7222706211960953,-0.9830149607214882,4.0,1.0,6.0,4.0,3.5,1.0,1.0,5.0
LIDC-IDRI-0050-S61-N0,LIDC-IDRI-0050,61,train,1,4,4.0,2.5,9.017395879641194,0.35443701966911767,0.4333145604248152,0.6808711433756807,3.488006159831567,7.969638063437972,9.0,2.100275871007266,-0.6597548615628631,-0.24461467961757713,-0.4089069208658193,1.9467049923213402,1.9624905558909298,0.3410403283816572,5.0,1.0,6.0,4.0,3.5,3.5,4.0,5.0
LIDC-IDRI-0051-S62-N1,LIDC-IDRI-0051,62,train,1,4,4.0,2.5,7.2151170032806,0.8143613162645131,0.3136727230625017,0.888888888888889,2.7293175303763726,6.454696527042765,5.25,0.8550949152410681,0.620460737661993,-0.3189852296226205,0.5657696907863511,0.5050517079998568,0.5764595495835995,-0.3682750050664564,4.5,1.0,6.0,4.5,5.0,1.5,1.0,5.0
LIDC-IDRI-0051-S62-N2,LIDC-IDRI-0051,62,train,1,4,3.5,2.5,7.208022618605102,0.733240029243488,0.3074330059846164,0.95,2.7055741872028025,6.484804585046625,5.5,0.850193458087751,0.39465675678451695,-0.32286389950256306,0.8521085825242914,0.45993482165409816,0.6040056303599884,-0.3209873161699155,3.5,1.0,6.0,4.5,4.5,1.0,1.5,5.0
LIDC-IDRI-0052-S63-N0,LIDC-IDRI-0052,63,train,0,4,2.0,1.25,5.675096465181998,0.6957961212446722,0.6507470617148897,0.8297208032592971,2.4389708099266407,5.479684292000224,7.25,-0.2088937219677744,0.29043031023478216,-0.10945648523992386,0.28853493335199426,-0.0466625089759592,-0.31558622038955314,0.01002650610587086,3.0,1.0,6.0,3.0,5.0,1.0,1.0,5.0
LIDC-IDRI-0052-S63-N1,LIDC-IDRI-0052,63,train,1,4,5.0,1.25,8.415946013143529,0.22653341124522985,0.9138821779625853,0.5379126018455271,3.359768265184255,7.843099435240493,14.75,1.684738670059029,-1.0157790940583642,0.05411090683981722,-1.0787456719857265,1.7030285026321166,1.8467194466013714,1.428657173002098,5.0,1.0,6.0,3.0,3.0,3.0,4.0,5.0
LIDC-IDRI-0053-S64-N0,LIDC-IDRI-0053,64,train,1,4,4.0,2.5,8.732287466276578,0.45349311261161185,0.4185111755950863,0.8002501563477173,3.2410391612725515,7.662106026590141,9.0,1.9032966069728205,-0.3840287120161079,-0.2538166101127539,0.15044887629898113,1.4774205312542321,1.6811272634709475,0.3410403283816572,5.0,1.0,6.0,4.0,5.0,2.5,1.5,5.0
LIDC-IDRI-0053-S64-N1,LIDC-IDRI-0053,64,train,1,4,3.5,2.5,6.371473334784883,0.7451854425238472,0.4997124006797385,0.7873015873015874,2.533440401584063,5.924431364871064,3.5,0.27222783332481765,0.4279072385135937,-0.20334112508370877,0.08977776685834564,0.13284775622892528,0.0913161043233921,-0.6992888273422427,4.5,1.0,6.0,3.5,4.0,1.5,1.5,5.0
LIDC-IDRI-0054-S65-N0,LIDC-IDRI-0054,65,train,1,4,4.5,2.5,7.7498582203128406,0.6088829957289574,0.3131198650576166,0.7885909645909646,2.9964933366326054,6.909303076940453,6.5,1.2245436106928835,0.04850454139354582,-0.31932889162919337,0.09581920281589285,1.0127367630100104,0.9923823813833738,-0.13183656058375184,5.0,1.0,6.0,3.5,4.5,2.0,1.5,5.0
LIDC-IDRI-0055-S66-N0,LIDC-IDRI-0055,66,train,1,6,3.5,2.5,6.168118599899772,0.6444184223771231,9.99116013202311,0.5511328177994844,2.597202915828548,5.811662859690575,2.6666666666666665,0.13173157247136563,0.14741866238444756,5.6966367061367045,-1.016801748598215,0.2540087101543402,-0.011856619481516891,-0.8569144569973792,4.0,1.0,6.0,3.5,3.0,2.5,2.0,4.5
LIDC-IDRI-0055-S66-N1,LIDC-IDRI-0055,66,train,1,4,4.0,2.5,5.675681349721061,0.9646431080880147,0.2981847755737581,0.8602508602508602,2.2176894719407327,5.372681572703475,3.0,-0.20848962962728473,1.0387754377030762,-0.32861269104064383,0.43158490453916354,-0.46713930970976564,-0.41348378484434667,-0.7938642051353245,4.0,1.0,6.0,4.5,2.5,1.5,1.0,3.5
LIDC-IDRI-0055-S66-N4,LIDC-IDRI-0055,66,train,1,4,4.5,2.5,6.684968338269144,0.5456653120415265,0.4945580646921818,0.7426242373610795,2.728856244296119,6.2391054760146,4.25,0.48881917952908704,-0.1274641243251726,-0.20654511133765216,-0.1195599891594337,0.5041751763546057,0.3792137323499828,-0.5574257606526201,5.0,1.0,6.0,3.5,4.0,3.0,3.5,4.5
LIDC-IDRI-0056-S67-N1,LIDC-IDRI-0056,67,test,0,3,2.0,1.25,4.077758012930884,1.4929880927338772,0.6414587455464332,0.5943936959512398,1.794193662083058,4.160914004413732,3.0,-1.3124828760905538,2.50944244991115,-0.11523019448159118,-0.8141009355977539,-1.2718622243211533,-1.5221387274526874,-0.7938642051353245,3.0,1.0,6.0,5.0,5.0,1.0,1.0,5.0
LIDC-IDRI-0056-S67-N2,LIDC-IDRI-0056,67,test,0,3,2.0,1.25,4.075345466523828,1.3904313286773515,1.041514041933424,0.4563022312352958,1.8295977291586414,4.174292948201758,2.3333333333333335,-1.3141496863053161,2.2239720581029743,0.13344813644901485,-1.4611347768470109,-1.204587735688703,-1.509898234683592,-0.9199647088594335,1.0,1.0,6.0,4.0,4.0,1.0,1.0,5.0
LIDC-IDRI-0057-S68-N0,LIDC-IDRI-0057,68,train,1,4,5.0,1.25,8.42863328199918,0.19422112158039498,0.824922479412941,0.8725126933720888,3.4291994864243893,7.766334389179699,22.25,1.6935042089370316,-1.1057214988884896,-0.0011873220680573419,0.4890382815563884,1.8349610824141136,1.7764865488394905,2.8472878398983252,5.0,1.0,6.0,2.5,3.5,4.0,4.5,5.0
LIDC-IDRI-0058-S69-N0,LIDC-IDRI-0058,69,test,1,3,5.0,2.5,8.802757773933969,0.24201340364357016,0.8637307013453009,0.5764500799961793,3.6151005608945055,7.91992643970186,8.333333333333334,1.9519840138957503,-0.972689985935704,0.022936252706936323,-0.8981765646106438,2.188208625824889,1.9170090305535983,0.21493982465754824,5.0,1.0,6.0,3.0,4.0,3.0,5.0,5.0
LIDC-IDRI-0058-S69-N2,LIDC-IDRI-0058,69,test,1,4,4.0,2.5,8.316099738147566,0.2682431756321646,0.7172221334417477,0.5902905382593234,3.393218413806131,7.560235060895265,7.75,1.6157556276675955,-0.899678484885455,-0.06813492285886669,-0.8333264676616885,1.766590173058624,1.5879247776301115,0.10460188389895267,5.0,1.0,6.0,3.0,3.5,3.5,2.0,5.0
LIDC-IDRI-0059-S70-N0,LIDC-IDRI-0059,70,train,1,4,4.0,2.5,6.500172680939923,0.4600508663709959,0.5746253035935581,0.6377622377622378,2.5955457930167984,6.169661039003675,4.0,0.36114524613688137,-0.3657749717358364,-0.15677452334134775,-0.6108956596230892,0.25085986034780206,0.3156785129370081,-0.604713449549161,4.0,1.0,6.0,3.5,2.5,2.5,2.5,4.5
LIDC-IDRI-0060-S71-N0,LIDC-IDRI-0060,71,train,1,4,4.5,2.5,6.804037547736272,0.6125672438331201,0.22654881737419433,0.8979386626445449,2.6323237863230315,6.3013657200277615,5.0,0.5710832031445643,0.058759776720921836,-0.3731423115220326,0.6081728174937379,0.32074507120005685,0.43617608145016007,-0.4155626939629973,4.0,1.0,6.0,4.5,3.0,2.5,3.5,4.5
LIDC-IDRI-0060-S71-N3,LIDC-IDRI-0060,71,train,1,3,5.0,2.5,6.90806040820673,0.5198139116944221,0.41987106031865734,0.8262014698796308,2.737122919613342,6.504853684579605,5.0,0.6429518171094009,-0.19942241448544315,-0.2529712923120153,0.2720449366677946,0.5198834381616297,0.6223486970286702,-0.4155626939629973,4.0,1.0,6.0,3.0,3.0,2.0,3.0,5.0
LIDC-IDRI-0061-S72-N0,LIDC-IDRI-0061,72,train,1,4,4.5,2.5,8.141099840148007,0.5350580391489069,0.7178922496641666,0.598049034823386,3.1604072270761927,7.2122312121676915,5.5,1.4948495109127322,-0.1569898448032815,-0.06771837198396095,-0.7969736789901309,1.3242044578317962,1.2695335307979483,-0.3209873161699155,4.5,1.0,6.0,4.5,5.0,1.0,1.0,5.0
LIDC-IDRI-0061-S72-N4,LIDC-IDRI-0061,72,train,0,4,2.5,2.5,5.882614871673882,0.8708839204973196,0.571562288241091,0.6312929017948562,2.463905093617763,5.5408318300145165,3.0,-0.06552081163525429,0.7777934121549631,-0.15867852399412127,-0.6412080276605876,0.0007173917895533928,-0.25964189408318383,-0.7938642051353245,4.0,1.0,6.0,3.0,5.0,1.0,1.0,5.0
LIDC-IDRI-0061-S72-N5,LIDC-IDRI-0061,72,train,1,3,5.0,2.5,9.838776288852364,0.5357314952754112,0.28946663978829895,0.9643438130033051,3.635074948720383,8.34329146938373,14.333333333333334,2.6677614340930997,-0.1551152557786821,-0.3340319705140923,0.9193171710114985,2.2261637772447354,2.304348768773184,1.3498443581745299,5.0,1.0,6.0,5.0,5.0,1.0,1.0,5.0
LIDC-IDRI-0064-S75-N1,LIDC-IDRI-0064,75,test,1,4,4.0,2.5,8.17011344088128,0.3175776897453856,0.3627943097730179,0.9890396737115315,3.1595492470589623,7.4066380000260175,9.25,1.5148947900119523,-0.7623541142978181,-0.2884507652469317,1.0350307500503584,1.3225741319488176,1.447397711913092,0.3883280172781981,5.0,1.0,6.0,4.0,4.0,4.5,1.5,5.0
LIDC-IDRI-0066-S77-N0,LIDC-IDRI-0066,77,train,1,4,3.5,0.6,5.625925460738365,0.30765880970870463,0.7735529642316694,0.46134969325153374,2.4454983191531126,5.724298578914051,12.25,-0.242865600078416,-0.7899636688349421,-0.03311912102525881,-1.4374846639045193,-0.034258994873554105,-0.09178683400856283,0.955780284036689,4.5,1.0,6.0,3.0,3.5,3.0,2.5,5.0
LIDC-IDRI-0066-S77-N1,LIDC-IDRI-0066,77,train,1,4,4.0,0.6,7.174466528604232,0.07256341108063262,0.8178245750865909,0.6441717791411044,3.0914223368084897,7.241992006901046,29.75,0.8270098072293255,-1.4443600528868492,-0.005599449633728676,-0.580863461850802,1.1931199921341795,1.2967618978878952,4.265918506794552,5.0,1.0,6.0,3.0,3.0,4.0,4.0,5.0
LIDC-IDRI-0066-S77-N2,LIDC-IDRI-0066,77,train,1,3,4.0,0.6,4.229998439474905,0.338956087950597,1.4463513057046564,0.264095822378031,2.2738344054213457,4.754106397140241,5.0,-1.2073011074326776,-0.7028465843165757,0.38509898562501743,-2.3617266511634996,-0.3604532139810605,-0.9794227022647084,-0.4155626939629973,4.0,1.0,6.0,3.0,3.0,2.0,3.0,4.0
LIDC-IDRI-0067-S78-N0,LIDC-IDRI-0067,78,train,1,4,4.0,1.25,6.251700000257247,0.8122621483057085,0.3264863038126984,0.9999999999999999,2.45145421799596,5.81496641469012,8.75,0.18947733498707467,0.6146176291631636,-0.3110201810331349,1.0863858575826064,-0.02294164966166757,-0.008834173036945824,0.2937526394851163,5.0,1.0,6.0,4.5,5.0,1.0,1.0,5.0
LIDC-IDRI-0067-S78-N1,LIDC-IDRI-0067,78,train,0,4,2.5,1.25,4.932055511864787,1.0037394413377356,0.6048858152501364,0.6832323232323233,2.062802732126226,4.863487736442565,4.25,-0.7222551426449573,1.1476014685722775,-0.13796428985656306,-0.3978435052110829,-0.7614536944024359,-0.8793489211040248,-0.5574257606526201,4.0,1.0,6.0,4.5,4.0,1.0,1.0,5.0
LIDC-IDRI-0068-S79-N2,LIDC-IDRI-0068,79,train,1,4,3.5,1.25,5.631448924751033,0.8344819276720743,0.31397206738579625,0.8464675083311286,2.3183985640359452,5.386384269754243,6.25,-0.23904948022668585,0.6764671734614954,-0.31879915422913685,0.36700238196067336,-0.27577280210261274,-0.4009470878655364,-0.17912424948029276,4.5,1.0,6.0,4.0,5.0,1.0,1.0,5.0
LIDC-IDRI-0068-S79-N4,LIDC-IDRI-0068,79,train,1,4,3.5,1.25,6.154600158961825,0.652730904732326,0.5186880182802802,0.8094448855558471,2.5265336635623266,5.820063734355824,7.75,0.12239178303679545,0.17055675197481743,-0.19154569341239447,0.19353119837457616,0.11972363499340005,-0.004170598281092171,0.10460188389895267,4.5,1.0,6.0,4.0,5.0,1.0,1.0,5.0
LIDC-IDRI-0068-S79-N5,LIDC-IDRI-0068,79,train,1,4,4.0,1.25,6.764183683768457,0.7031689001634696,0.3389002553477257,0.7597276133132216,2.640926327583469,6.203756911580481,8.5,0.5435484674955345,0.310952701966098,-0.30330354591827874,-0.039421342912118476,0.3370915424402105,0.34687307420767405,0.2464649505885754,4.5,1.0,6.0,4.5,5.0,1.5,2.0,5.0
LIDC-IDRI-0069-S2-N2,LIDC-IDRI-0069,2,train,1,4,3.5,2.0,7.574982285171537,0.3256564295946525,0.6350073648931812,0.5934897575764448,3.1904605171141935,6.9951655306844795,8.0,1.1037231389468736,-0.7398666552666864,-0.11924043653447175,-0.8183363799831059,1.3813114482437419,1.0709385634589073,0.1518895727954936,5.0,1.0,6.0,4.0,3.0,4.5,3.5,5.0
LIDC-IDRI-0072-S82-N0,LIDC-IDRI-0072,82,train,1,3,5.0,1.25,9.117203160030892,0.1356714485248052,0.4705294770983427,0.6350865188553908,3.7721622596779736,8.31493359910561,21.0,2.169231972317751,-1.2686965913768558,-0.22148151915782388,-0.6234328623094519,2.4866558479150553,2.2784039474490267,2.6108493954156207,5.0,1.0,6.0,3.0,3.0,3.0,4.0,4.0
LIDC-IDRI-0073-S83-N2,LIDC-IDRI-0073,83,test,1,4,4.5,2.5,7.621894116421292,0.35361887614079135,0.8553726453690905,0.5285259402906461,3.0756029543955377,7.011409234552756,5.25,1.1361341712451989,-0.6620321931044268,0.017740802406040937,-1.12272730180517,1.163060144488978,1.0858000460163653,-0.3682750050664564,4.5,1.0,6.0,5.0,4.5,2.0,1.5,5.0
LIDC-IDRI-0074-S84-N0,LIDC-IDRI-0074,84,train,1,3,5.0,2.5,7.8869314024117845,0.295682881487849,0.6445241449342163,0.6260039944250471,3.208753492704763,7.2475876639484085,6.333333333333333,1.3192464439417195,-0.8232990899836626,-0.11332471188887433,-0.6659894437932822,1.4160715953136862,1.3018814051309018,-0.16336168651477917,5.0,1.0,6.0,3.0,4.0,2.0,2.0,5.0
LIDC-IDRI-0075-S85-N1,LIDC-IDRI-0075,85,train,1,3,5.0,1.25,9.184708110468359,0.23164702892477115,0.5935782382959126,0.6174334140435834,3.8052353314497633,8.192194829784372,20.0,2.2158706361822538,-1.0015451577991108,-0.14499319158400234,-0.7061472881420333,2.5495010003152427,2.166109356622745,2.421698639829457,5.0,1.0,6.0,3.0,4.0,3.0,5.0,5.0
LIDC-IDRI-0077-S87-N0,LIDC-IDRI-0077,87,val,1,4,5.0,2.5,8.574318987913761,0.5729691562544392,0.14904419760477064,1.0839795056878252,3.1564977295282435,7.4776045746357305,10.0,1.7941573702826887,-0.05146290512686033,-0.42131995010784257,1.4798756526483663,1.3167756658857577,1.5123255460620824,0.5301910839678208,5.0,1.0,6.0,4.5,5.0,1.5,1.5,5.0
LIDC-IDRI-0078-S1-N0,LIDC-IDRI-0078,1,train,1,4,3.5,3.0,7.830546586258976,0.44683281894975496,0.5350928080627307,0.7394731597358242,3.17576968255939,7.084582162130356,5.25,1.2802905974360823,-0.40256787575337105,-0.18134831375210628,-0.1343245067502747,1.353396057050171,1.1527464885082401,-0.3682750050664564,4.5,1.0,6.0,4.0,3.5,2.0,2.0,5.0
LIDC-IDRI-0078-S1-N1,LIDC-IDRI-0078,1,train,1,4,3.5,3.0,7.69313988349058,0.5136472288332211,0.3075888680787113,0.795038295038295,3.0298628746010587,6.926330677410148,5.5,1.1853573372586486,-0.2165875950441194,-0.3227670140825601,0.1260284629879147,1.0761452578006288,1.0079610566305839,-0.3209873161699155,5.0,1.0,6.0,4.0,2.5,3.5,2.0,4.5
LIDC-IDRI-0078-S1-N3,LIDC-IDRI-0078,1,train,1,4,4.5,3.0,8.490989991588082,0.4124550170002429,0.243818586561262,0.88265696493086,3.3212284179011844,7.533835040579055,7.75,1.736585991819122,-0.49825970731917624,-0.3624072521045404,0.536569727521198,1.6297954327589266,1.5637712074451657,0.10460188389895267,5.0,1.0,5.0,4.0,3.0,3.5,3.0,5.0
LIDC-IDRI-0080-S88-N0,LIDC-IDRI-0080,88,train,1,3,4.0,1.25,8.228282880178892,0.32542770290131356,0.9883663280648971,0.4820234869015357,3.402812134795303,7.432668592681391,11.0,1.5550836192608677,-0.7405033241335831,0.10041099159187591,-1.3406166630757121,1.7848200750710412,1.4712132900500234,0.7193418395539845,5.0,1.0,6.0,4.0,5.0,2.0,1.0,5.0
LIDC-IDRI-0080-S88-N1,LIDC-IDRI-0080,88,train,1,4,5.0,1.25,8.793031337552618,0.2804260357350803,0.6598013226603,0.5697737096364098,3.5566317187197662,7.896921784829975,16.5,1.945264091963365,-0.8657670615003853,-0.10382826704096586,-0.9294590017139814,2.0771066597756334,1.895961904855466,1.7596709952778844,5.0,1.0,6.0,3.5,4.5,3.0,5.0,5.0
LIDC-IDRI-0081-S89-N0,LIDC-IDRI-0081,89,val,1,4,4.0,2.5,6.500682892344757,0.7339976766796152,0.5856167046782166,0.6365231259968103,2.6452041231140058,6.017327041406881,3.75,0.36149774736909696,0.3967656953068411,-0.14994215966310848,-0.6167015741810306,0.34522017088780227,0.17630703297461486,-0.6520011384457018,4.0,1.0,6.0,4.5,5.0,1.0,1.0,5.0
LIDC-IDRI-0081-S89-N1,LIDC-IDRI-0081,89,val,1,3,5.0,2.5,8.248172708814698,0.3856369707142919,0.49381918121128143,0.9470070159725332,3.1770213494785975,7.392019034444914,9.333333333333334,1.5688253526605127,-0.5729086907500559,-0.20700440862090758,0.8380848196793321,1.355774463230118,1.434022714206076,0.40409058024371186,5.0,1.0,3.0,3.0,5.0,3.0,3.0,5.0
LIDC-IDRI-0082-S90-N0,LIDC-IDRI-0082,90,train,1,3,5.0,1.25,8.085256985089467,0.2646928131404687,0.4077302450088439,0.7173518869913557,3.2952094138381574,7.408955156265283,14.0,1.4562681012615692,-0.9095610448598205,-0.26051814324649364,-0.23797473673819194,1.5803543561354734,1.4495176949731134,1.2867941063124753,5.0,1.0,6.0,4.0,4.0,2.0,5.0,5.0
LIDC-IDRI-0084-S92-N1,LIDC-IDRI-0084,92,train,0,3,2.0,2.0,4.9344834654590795,1.0011205896675002,0.9538074753564583,0.5213069042856261,2.2181741516330873,4.858133723194512,2.3333333333333335,-0.7205776877201113,1.140311802022565,0.07892886677556592,-1.1565524234812492,-0.46621832573399596,-0.8842473466813177,-0.9199647088594335,3.0,1.0,6.0,2.0,3.0,1.0,1.0,5.0
LIDC-IDRI-0084-S92-N2,LIDC-IDRI-0084,92,train,0,3,2.0,2.0,4.5670235158468495,1.2512747821888566,0.6217298878565942,0.7859752540603607,1.8805074100828116,4.55481510184725,2.6666666666666665,-0.9744530103826677,1.8366248732127781,-0.12749384764600447,0.08356317210686873,-1.1078496196043848,-1.1617557546810466,-0.8569144569973792,3.0,1.0,6.0,4.0,3.0,1.0,1.0,5.0
LIDC-IDRI-0085-S93-N0,LIDC-IDRI-0085,93,train,0,4,2.0,1.25,3.961004584138479,1.0891478303726845,9.759029293739836,0.3182306544758823,1.9450837728775456,4.177749009475596,1.75,-1.3931469442098434,1.3853387500262213,5.552341880038549,-2.108075432171019,-0.9851421980111343,-1.5067362591418592,-1.030302649618029,3.0,1.0,6.0,3.5,4.0,1.5,1.0,4.5
LIDC-IDRI-0087-S95-N0,LIDC-IDRI-0087,95,val,1,3,5.0,2.5,8.433418093683056,0.23289590891527845,0.6406018691030845,0.6517056225707719,3.4069688179241036,7.693525014607132,8.333333333333334,1.696809999435848,-0.9980688560310967,-0.11576283735788893,-0.5455632956624318,1.7927185668262458,1.7098727236303994,0.21493982465754824,5.0,1.0,6.0,4.0,4.0,3.0,5.0,5.0
LIDC-IDRI-0088-S96-N1,LIDC-IDRI-0088,96,train,0,3,1.0,1.25,4.657450694335561,0.6619706179020112,0.7992752490276315,0.5750602673679597,2.05750250063832,4.819187111851792,4.0,-0.9119775511101336,0.19627582143854783,-0.01712989426448155,-0.9046885949182621,-0.7715251464257653,-0.9198798840530622,-0.604713449549161,4.0,1.0,3.0,4.0,4.0,1.0,1.0,5.0
LIDC-IDRI-0088-S96-N2,LIDC-IDRI-0088,96,train,0,3,2.0,1.25,3.997519563784146,0.9123569870557607,0.7766432992845906,0.6475006475006475,1.7638415779050034,4.256090882174915,3.0,-1.367919018692129,0.8932351645234304,-0.03119813817634436,-0.5652658976847696,-1.329536980660544,-1.4350607112446028,-0.7938642051353245,3.0,1.0,6.0,4.0,3.0,1.0,1.0,2.0
LIDC-IDRI-0089-S97-N0,LIDC-IDRI-0089,97,train,1,4,5.0,2.5,9.091239030725914,0.46286778242014903,0.2824977218277841,0.8827404207911866,3.418771572767288,7.894889819526295,10.25,2.1512935501525345,-0.3579339859594203,-0.3383639188783923,0.5369607637520974,1.8151460550251086,1.8941028450521795,0.5774787728643618,5.0,1.0,6.0,4.0,5.0,2.0,3.0,5.0
LIDC-IDRI-0090-S98-N0,LIDC-IDRI-0090,98,train,0,4,2.5,2.5,4.8538337038062584,0.8875887332329119,0.558698908648148,0.8881758764111705,2.073840964541299,4.865326272254315,2.75,-0.776298003046652,0.8242918511470846,-0.16667452803703617,0.5624288383791018,-0.7404789448194335,-0.8776668313467162,-0.8411518940318654,3.5,1.0,6.0,4.0,4.5,2.0,2.0,5.0
LIDC-IDRI-0092-S100-N0,LIDC-IDRI-0092,100,test,0,3,1.0,1.25,4.979756179731383,0.9415708491859635,0.6294392889547311,0.8570548484542897,1.9029497752109372,4.903871117469669,5.666666666666667,-0.6892991090455656,0.9745529863683401,-0.12270160763600167,0.41660984584406835,-1.065204839995473,-0.8424018727207081,-0.28946219023888814,5.0,1.0,3.0,3.0,5.0,1.0,1.0,5.0
LIDC-IDRI-0092-S100-N3,LIDC-IDRI-0092,100,test,0,3,1.0,1.25,3.9625698614807443,1.5839469907577952,0.5370805055911656,0.7011913590075004,1.7885233532606595,4.060486598396318,3.3333333333333335,-1.3920655058361013,2.762629770086504,-0.18011274129942234,-0.31369562592941713,-1.2826368939544628,-1.614020490068006,-0.7308139532732699,5.0,1.0,3.0,3.0,5.0,1.0,1.0,5.0
LIDC-IDRI-0093-S101-N1,LIDC-IDRI-0093,101,test,1,4,3.5,2.5,5.715210986735105,0.960408011289862,0.30757848036202834,0.8894641474129547,2.1996292121447,5.396915160467933,3.0,-0.18117889994840553,1.0269868954900259,-0.32277347119004063,0.5684650907757948,-0.501457252327868,-0.3913122995238421,-0.7938642051353245,3.0,1.0,6.0,5.0,5.0,1.0,1.0,5.0
LIDC-IDRI-0094-S102-N0,LIDC-IDRI-0094,102,test,1,4,4.0,2.0,8.284959369439878,0.054012910272856283,1.183898322479983,0.5085489223420258,3.4474564871765265,8.07028750583047,22.5,1.5942409805289406,-1.4959960301190776,0.2219556141823478,-1.2163305283810466,1.8696528704208464,2.0545754611972376,2.8945755287948662,5.0,1.0,5.0,3.0,4.5,4.0,2.0,5.0
LIDC-IDRI-0095-S103-N0,LIDC-IDRI-0095,103,train,1,4,4.5,2.0,8.093185821672735,0.08836820396151221,0.5575903316314508,0.5645823481419411,3.2881604752994793,7.778437589250252,16.5,1.4617460749782698,-1.4003668510960336,-0.16736363048039843,-0.9537833622093175,1.5669600267614285,1.7875598544227842,1.7596709952778844,5.0,1.0,6.0,4.5,4.5,2.0,1.5,5.0
LIDC-IDRI-0095-S103-N2,LIDC-IDRI-0095,103,train,1,4,4.0,2.0,6.393950743462562,0.08777302934663131,0.8851281939762887,0.547838877210999,2.9356147997278974,6.648613696103166,9.25,0.2877573063644936,-1.4020235407553396,0.03623714586253315,-1.032235657103702,0.8970559167893645,0.7538757749071227,0.3883280172781981,3.5,1.0,6.0,3.0,4.0,1.0,1.5,5.0
LIDC-IDRI-0096-S104-N0,LIDC-IDRI-0096,104,train,1,3,4.0,2.5,6.0289607046586555,0.5866307521761344,0.90544848715536,0.5481481481481482,2.581657997281516,5.756607021785626,2.6666666666666665,0.035588426551212485,-0.013435368119727826,0.048868441179528085,-1.0307865540555012,0.22447039626932616,-0.062227605147449495,-0.8569144569973792,4.0,1.0,6.0,3.0,3.0,2.0,2.0,5.0
LIDC-IDRI-0098-S106-N0,LIDC-IDRI-0098,106,train,1,3,4.0,3.0,6.561655347290928,0.36443627257341576,0.48926235950251074,0.7911734038167754,2.665388406042426,6.285712891205879,3.6666666666666665,0.40362315910259966,-0.6319215862968288,-0.2098369740865308,0.10791933931242606,0.3835741630865868,0.4218551947609127,-0.6677637014112154,5.0,1.0,6.0,4.0,3.0,5.0,3.0,5.0
LIDC-IDRI-0099-S107-N0,LIDC-IDRI-0099,107,test,0,3,2.0,1.25,5.089932782255643,0.7198315161223956,0.6100182703834236,0.6559218559218559,2.2297439737878255,5.074807358813663,5.333333333333333,-0.6131789208584507,0.3573336847330861,-0.13477390495815283,-0.5258079424523927,-0.44423345412682386,-0.6860110649485712,-0.3525124421009428,3.0,1.0,6.0,3.0,3.0,1.0,1.0,5.0
LIDC-IDRI-0104-S111-N0,LIDC-IDRI-0104,111,train,1,4,4.0,3.0,7.479548697673986,0.6748213697601526,0.2877212126125973,0.9025621118012426,2.806022851291658,6.693549375912002,4.75,1.0377887892460322,0.2320463452233206,-0.3351169453181617,0.6298361988897737,0.650806466314691,0.794987754484067,-0.4628503828595382,5.0,1.0,6.0,5.0,4.5,1.0,1.0,5.0
LIDC-IDRI-0106-S113-N1,LIDC-IDRI-0106,113,val,1,4,4.0,2.0,5.715474166348261,0.6373718738318105,0.6079028360076059,0.6580075197176696,2.408042822201675,5.5494691312081885,3.5,-0.18099707112793506,0.12780434447347086,-0.13608887989917373,-0.5160354698369727,-0.10543159203598712,-0.2517395645360444,-0.6992888273422427,4.0,1.0,6.0,4.0,2.5,3.0,3.5,3.5
LIDC-IDRI-0108-S115-N0,LIDC-IDRI-0108,115,val,1,4,5.0,2.5,7.625819834885895,0.328485662002609,0.5284386626873472,0.7176419104776194,3.1752292418848276,7.034481940018859,6.75,1.1388464206833626,-0.7319913864685156,-0.18548459636269643,-0.2366158184968964,1.3523691165594145,1.106909431697023,-0.08454887168721095,5.0,1.0,6.0,3.5,4.0,4.0,4.5,5.0
LIDC-IDRI-0111-S117-N1,LIDC-IDRI-0111,117,train,1,4,4.5,2.5,8.162572258378246,0.37216435723243213,0.3618466237900884,0.7727820844099914,3.1677266164998876,7.35382239495386,7.25,1.509684643591273,-0.610410188430178,-0.2890398562316271,0.02174597540545694,1.338112695535945,1.3990763315243269,0.01002650610587086,5.0,1.0,6.0,3.5,4.0,2.5,4.0,5.0
LIDC-IDRI-0111-S117-N2,LIDC-IDRI-0111,117,train,1,4,5.0,2.5,7.431125751665565,0.3986974135327459,0.4907384829478713,0.6279519938056524,2.9987680162493255,6.847473444527405,5.5,1.00433373909667,-0.5365544847367169,-0.2089194011461023,-0.6568620040592122,1.0170590886821091,0.9358140019612965,-0.3209873161699155,5.0,1.0,6.0,3.5,4.0,3.5,3.5,5.0
LIDC-IDRI-0112-S118-N0,LIDC-IDRI-0112,118,train,1,4,3.5,2.5,7.076175265750252,0.6247081885540382,0.7309491968054156,0.5854118828031872,2.7835752329564363,6.4441639731734615,3.75,0.759101111061764,0.09255452715290328,-0.05960204443759598,-0.8561856297859279,0.6081517046090803,0.5668232396087642,-0.6520011384457018,4.5,1.0,6.0,4.0,4.5,1.0,1.0,5.0
LIDC-IDRI-0116-S121-N1,LIDC-IDRI-0116,121,train,1,4,5.0,2.5,8.296669808700948,0.5488696579165523,0.5736317175063465,0.6730670112769769,3.3161894247971118,7.311109461007201,7.0,1.6023316351677972,-0.11854471388113441,-0.15739214628506365,-0.4454735369114084,1.6202203835541216,1.359997958268224,-0.03726118279067005,5.0,1.0,6.0,3.5,4.5,2.0,4.0,5.0
LIDC-IDRI-0117-S122-N0,LIDC-IDRI-0117,122,train,0,4,2.5,3.0,5.989619095307916,0.5724327664804085,0.482413297305594,1.074362943557991,2.402934902218736,5.747803834892277,4.0,0.008407603774408488,-0.052955965095777116,-0.21409441892216066,1.434816813224235,-0.1151376154737494,-0.07028170472513588,-0.604713449549161,3.5,1.0,6.0,3.0,4.0,4.0,4.5,5.0
LIDC-IDRI-0118-S123-N0,LIDC-IDRI-0118,123,train,0,4,1.0,1.25,4.472277344197148,1.4594480967941506,0.47039757521664355,0.7922465506866256,1.8471328223091596,4.434252977694773,3.75,-1.0399124296309235,2.4160826811017406,-0.2215635106727064,0.11294761780054371,-1.1712677099892528,-1.2720589170454686,-0.6520011384457018,4.5,1.0,3.0,3.5,5.0,1.0,1.0,5.0
LIDC-IDRI-0118-S123-N2,LIDC-IDRI-0118,123,train,0,3,1.0,1.25,4.590626849987241,1.3956691717295053,0.45236312978200677,0.7491693150700968,1.9386524185550476,4.549276888322916,4.0,-0.9581456438870061,2.2385517800948262,-0.23277390041244442,-0.08889272974516407,-0.9973629994330859,-1.1668227064279388,-0.604713449549161,5.0,1.0,3.0,5.0,5.0,1.0,1.0,5.0
LIDC-IDRI-0118-S123-N3,LIDC-IDRI-0118,123,train,0,3,1.0,1.25,4.8310826089513785,1.3235006274721977,0.5056537075172249,0.7551626695906554,2.054134988507607,4.709525865648518,4.666666666666667,-0.7920165638130817,2.0376680763734,-0.19964794996207882,-0.06081059443446598,-0.7779240625749654,-1.0202097540688437,-0.47861294582505176,5.0,1.0,3.0,4.0,5.0,1.0,1.0,5.0
LIDC-IDRI-0118-S123-N5,LIDC-IDRI-0118,123,train,0,3,1.0,1.25,4.557122878756854,1.3542995461045058,0.444102051831827,0.7416776219193945,1.946543897370627,4.525428281852388,4.0,-0.9812932862778776,2.1233979592350236,-0.2379090682127254,-0.1239953988835557,-0.9823676826312471,-1.1886419695686323,-0.604713449549161,4.0,1.0,3.0,5.0,5.0,1.0,1.0,5.0
LIDC-IDRI-0119-S124-N0,LIDC-IDRI-0119,124,train,0,4,1.0,2.0,6.6720223753136665,0.13616260884748133,0.2866195586397272,0.916460403511102,2.6233994235825553,6.688165698830029,12.25,0.47987491083812456,-1.2673294291906765,-0.33580174432897497,0.6949572770848026,0.30378707768890767,0.7900621892498362,0.955780284036689,5.0,1.0,2.5,4.0,5.0,1.0,1.0,5.0
LIDC-IDRI-0119-S124-N1,LIDC-IDRI-0119,124,train,0,4,1.0,2.0,4.9436081442214155,0.16128444206839465,0.28584568213335443,1.2066681813974234,1.918396985991884,5.492155008411019,7.75,-0.7142735156125801,-1.197401915013639,-0.3362827936231331,2.054739025163526,-1.0358521895254778,-0.3041766714393298,0.10460188389895267,4.0,1.0,2.5,4.5,5.0,1.0,1.0,5.0
LIDC-IDRI-0120-S125-N3,LIDC-IDRI-0120,125,val,1,3,4.0,2.0,7.142209030299904,0.5563778950167538,0.5277581244652536,0.7164669955367623,2.8277485275956553,6.52717229148228,6.333333333333333,0.8047233436325711,-0.09764526949537103,-0.18590762565572946,-0.24212093591228237,0.6920894002901932,0.6427681524607922,-0.16336168651477917,5.0,1.0,6.0,4.0,3.0,2.0,1.0,5.0
LIDC-IDRI-0121-S126-N0,LIDC-IDRI-0121,126,train,1,4,4.5,1.25,7.5705674521396205,0.577622073647418,0.5925257205835756,0.7701572923274314,3.031947296168129,6.808171384631798,12.0,1.1006729639232773,-0.03851134446244003,-0.1456474470090466,0.009447392671520729,1.0801060568444145,0.8998562621288544,0.908492595140148,4.5,1.0,6.0,4.0,5.0,1.0,1.0,5.0
LIDC-IDRI-0124-S129-N4,LIDC-IDRI-0124,129,val,0,3,2.0,2.5,4.179887191678268,1.5312856069070413,0.4150743285854793,1.0666666666666667,1.7286683995837413,4.221241668716943,2.3333333333333335,-1.2419225926226136,2.616044939535984,-0.2559529882228094,1.3987555576603605,-1.396372736566475,-1.4669445095548042,-0.9199647088594335,3.0,1.0,6.0,3.0,5.0,1.0,1.0,5.0
LIDC-IDRI-0124-S129-N5,LIDC-IDRI-0124,129,val,0,4,2.5,2.5,6.151858341075666,0.8067702377181281,0.5398744264707993,0.7000000000000001,2.5068650764249854,5.748932971501009,3.25,0.12049748162717198,0.5993307011712862,-0.17837601243375228,-0.31927779276728424,0.08234956328117096,-0.0692486494471195,-0.7465765162387836,4.5,1.0,6.0,4.5,5.0,1.5,1.0,5.0
LIDC-IDRI-0124-S129-N8,LIDC-IDRI-0124,129,val,0,4,2.5,2.5,4.8201013972209505,1.362841690086245,0.5901788814283441,0.761904761904762,1.9617158184882288,4.689932346387418,2.0,-0.7996034006213658,2.14717532011202,-0.14710626545078775,-0.029220214123655847,-0.9535381350942508,-1.0381360070404173,-0.9830149607214882,3.0,1.0,6.0,5.0,5.0,1.0,1.0,5.0
LIDC-IDRI-0124-S129-N14,LIDC-IDRI-0124,129,val,0,4,2.5,2.5,5.213182446129393,1.0935062231883856,0.29749688090063986,1.3955555555555554,1.9475412914650096,5.01984639768639,3.5,-0.5280266526533866,1.3974704910790727,-0.32904029317642863,2.939779411377278,-0.980472443377481,-0.7362952471620424,-0.6992888273422427,3.5,1.0,6.0,5.0,5.0,1.0,1.0,5.0
LIDC-IDRI-0126-S131-N0,LIDC-IDRI-0126,131,train,0,3,2.0,2.5,4.646968266481402,1.2125225946720841,10.223440576514639,0.6874074074074074,2.0332310642711557,4.601198696370464,2.0,-0.9192197818799633,1.72875678420268,5.841024528934321,-0.3782809583375272,-0.8176455106904164,-1.1193190674237046,-0.9830149607214882,3.0,1.0,6.0,4.0,4.0,1.0,1.0,5.0
LIDC-IDRI-0126-S131-N1,LIDC-IDRI-0126,131,train,0,4,2.5,2.5,4.9738124199736395,1.1216976757862434,0.4808619133843673,1.1923809523809523,1.8701277599991624,4.853456592805673,3.0,-0.6934056080746929,1.475942399712192,-0.21505877451911803,1.9877955635212672,-1.1275729369868348,-0.8885264872182507,-0.7938642051353245,3.5,1.0,6.0,4.0,5.0,1.5,1.0,5.0
LIDC-IDRI-0128-S132-N2,LIDC-IDRI-0128,132,train,1,4,3.5,1.25,6.566346060038438,0.4581312745335526,0.7894960930346292,0.4963673558951687,2.7854224362545787,6.2433992025550875,6.5,0.40686393735216986,-0.37111822372889536,-0.023208714398129757,-1.2734078122432761,0.6116617436398338,0.3831420939235138,-0.13183656058375184,4.0,1.0,6.0,4.0,3.5,1.0,2.0,3.0
LIDC-IDRI-0129-S133-N0,LIDC-IDRI-0129,133,train,0,4,2.5,1.25,5.182217290109199,1.0612873865146841,0.2311851098396205,1.0207329646609167,2.056531347118369,5.014662659772507,6.0,-0.5494202466606214,1.3077882159657916,-0.3702603462476795,1.183531106875405,-0.7733705235768945,-0.7410378866003329,-0.22641193837683365,3.0,1.0,6.0,5.0,5.0,1.0,1.0,5.0
LIDC-IDRI-0129-S133-N1,LIDC-IDRI-0129,133,train,1,4,3.5,1.25,7.02447627977225,0.698701335554496,0.39250604751905804,0.7219129930091652,2.7937360167824425,6.380602770764638,9.5,0.7233826694728429,0.2985170773528926,-0.2699816550552601,-0.21660346695610175,0.6274591343046609,0.5086706342307158,0.435615706174739,5.0,1.0,6.0,4.5,5.0,2.5,1.0,5.0
LIDC-IDRI-0129-S133-N3,LIDC-IDRI-0129,133,train,1,4,3.5,1.25,6.696712282502653,0.7723185215961781,0.2626672003639108,0.8721894783774533,2.6314127666379266,6.129930571185426,9.25,0.49693298250206275,0.5034331268837782,-0.35069076725074627,0.4875238429923645,0.31901395981902003,0.2793288195869787,0.3883280172781981,4.5,1.0,6.0,5.0,5.0,1.0,1.0,5.0
LIDC-IDRI-0129-S133-N6,LIDC-IDRI-0129,133,train,0,4,2.5,1.25,5.176400502016367,1.0783934437214064,0.26941767319545873,1.039021096944428,2.0703741979648065,5.007449776549342,6.0,-0.5534390219189477,1.3554035331807985,-0.3464946065402082,1.2692209828211458,-0.7470664633704435,-0.747637005808569,-0.22641193837683365,3.5,1.0,6.0,4.5,5.0,1.0,1.0,5.0
LIDC-IDRI-0129-S133-N7,LIDC-IDRI-0129,133,train,0,3,2.0,1.25,3.9150118799108693,1.1174434764226062,10.082632194327891,0.46783594213625285,1.888191423332372,4.132041285806536,2.3333333333333335,-1.424922958543459,1.4641006848302929,5.75349664521555,-1.4070930496232787,-1.093248526998116,-1.5485545872496165,-0.9199647088594335,3.0,1.0,6.0,3.0,5.0,1.0,1.0,5.0
LIDC-IDRI-0129-S133-N10,LIDC-IDRI-0129,133,train,0,4,2.5,1.25,5.649983037754692,0.8071905944341193,0.4460728374102221,0.7584340369631974,2.2587308352004203,5.4230931693555116,5.75,-0.2262444005873032,0.6005007790059095,-0.23668400839553624,-0.04548245375938922,-0.3891528817612579,-0.36736184920619547,-0.27369962727337455,3.5,1.0,6.0,4.5,5.0,1.0,1.0,5.0
LIDC-IDRI-0129-S133-N11,LIDC-IDRI-0129,133,train,0,4,2.5,1.25,5.4244145079874375,0.9829667664821429,0.42369561314828424,0.758434036963196,2.1839048269643526,5.198300597858798,5.25,-0.3820880056866115,1.089779991027788,-0.2505939124277417,-0.045482453759395976,-0.5313365870892998,-0.5730262042963465,-0.3682750050664564,4.0,1.0,6.0,5.0,5.0,1.0,1.0,5.0
LIDC-IDRI-0129-S133-N12,LIDC-IDRI-0129,133,train,1,4,3.5,1.25,5.4634747086657,0.8587728900571798,0.4771564201044768,0.7305233699607494,2.305889297839741,5.271539209924087,5.5,-0.3551016060506168,0.744081929184987,-0.21736214580913682,-0.17625915396726047,-0.29954279679616663,-0.506019666589981,-0.3209873161699155,4.0,1.0,6.0,4.5,5.0,1.5,1.5,5.0
LIDC-IDRI-0129-S133-N13,LIDC-IDRI-0129,133,train,0,4,2.5,1.25,4.25058472560465,1.1792166803299073,0.832352528034335,0.6023387755004261,1.8918663444112334,4.356937261970643,3.0,-1.1930781967749908,1.6360485898260484,0.003431269678105108,-0.7768739038596554,-1.086265475140904,-1.34279562647881,-0.7938642051353245,3.0,1.0,6.0,4.5,4.5,1.5,1.5,5.0
LIDC-IDRI-0130-S134-N0,LIDC-IDRI-0130,134,train,1,4,3.5,2.0,7.0742397123125205,0.13513722601395262,0.31174397587419916,0.7722640078450695,2.9785782590470826,6.960029720341709,13.75,0.7577638517113143,-1.2701836186918145,-0.3201841579605426,0.0193185040874276,0.978694694317628,1.0387925555788322,1.2395064174159345,5.0,1.0,6.0,5.0,5.0,1.5,1.0,5.0
LIDC-IDRI-0130-S134-N1,LIDC-IDRI-0130,134,train,0,4,1.0,2.0,4.7436721904819885,0.22822180019752505,0.5169492743599204,0.9570579977084042,1.9235320359552113,5.243485043655789,6.0,-0.8524077662186864,-1.0110794034999664,-0.19262651383881005,0.8851791519341469,-1.026094613943909,-0.5316866269114242,-0.22641193837683365,5.0,1.0,3.0,4.5,5.0,2.0,1.0,5.0
LIDC-IDRI-0131-S135-N1,LIDC-IDRI-0131,135,train,1,3,4.0,1.25,5.845149944313233,0.5163334711464941,1.3485890825877516,0.329829657659035,2.6508635467818586,5.690229469459379,3.3333333333333335,-0.09140504890315532,-0.2091103442482667,0.3243290203418682,-2.053727774988184,0.35597415664871407,-0.12295690950455512,-0.7308139532732699,4.0,1.0,6.0,3.0,4.0,2.0,2.0,1.0
LIDC-IDRI-0132-S7-N3,LIDC-IDRI-0132,7,train,1,4,3.5,3.0,8.065731591474826,0.32518118056127104,0.6578941760921712,0.6023344138048408,3.3347769228679454,7.339076914612836,5.5,1.4427781532842143,-0.7411895278145282,-0.10501376821964176,-0.776894340782783,1.6555401795821427,1.385585584545281,-0.3209873161699155,5.0,1.0,6.0,4.0,3.5,2.0,2.5,5.0
LIDC-IDRI-0132-S136-N3,LIDC-IDRI-0132,136,train,1,4,4.0,3.0,6.71876511301781,0.6255214285809121,0.24589432535136585,1.085922077922078,2.5423276889501305,6.2119738368463855,4.25,0.5121691176742528,0.09481820962418157,-0.3611169523324018,1.48897766324126,0.14973529944833588,0.354390798767629,-0.5574257606526201,5.0,1.0,6.0,5.0,5.0,1.0,1.0,5.0
LIDC-IDRI-0132-S136-N6,LIDC-IDRI-0132,136,train,1,4,4.0,3.0,8.445332518477517,0.3411219881234228,0.46610009323402657,0.945505433342168,3.2514463913127223,7.564144238059978,8.25,1.705041586149515,-0.6968177243321362,-0.22423486799828912,0.8310490859409947,1.497196255821075,1.591501312188886,0.19917726169203448,5.0,1.0,6.0,4.0,4.0,3.5,1.5,5.0
LIDC-IDRI-0135-S139-N3,LIDC-IDRI-0135,139,train,0,4,2.5,2.5,5.2976343025023525,1.1682311300504877,0.31466961815261313,1.0262626262626262,2.051287705472639,5.055274560207868,3.25,-0.4696794986063611,1.6054699208192351,-0.3183655497699583,1.2094405879162673,-0.7833344440930092,-0.7038817641519268,-0.7465765162387836,4.0,1.0,6.0,4.0,4.5,1.0,1.0,5.0
LIDC-IDRI-0135-S139-N4,LIDC-IDRI-0135,139,train,0,4,2.5,2.5,4.537636461046456,1.6431217868212231,0.4818471306065274,0.8623376623376624,1.8130158289310376,4.443671856008474,2.0,-0.9947563060953708,2.9273449146486414,-0.21444635374473123,0.4413627106688042,-1.2360965128013668,-1.2634415169189335,-0.9830149607214882,3.5,1.0,6.0,4.0,4.0,1.0,1.0,5.0
LIDC-IDRI-0135-S139-N5,LIDC-IDRI-0135,139,train,0,3,2.0,2.5,4.864064300074079,1.3352530584534203,0.4357271488438852,0.9023569023569024,1.9339741510690498,4.7243032494367405,2.3333333333333335,-0.7692297608306928,2.0703813850251733,-0.24311499078282048,0.6288746807010486,-1.006252601075022,-1.0066898183944177,-0.9199647088594335,3.0,1.0,6.0,3.0,3.0,3.0,1.0,5.0
LIDC-IDRI-0136-S8-N5,LIDC-IDRI-0136,8,train,0,3,2.0,3.0,5.704218882508888,1.0919471317752611,0.5063013814389541,0.8313414519021994,2.2232034024682723,5.35201413681856,2.3333333333333335,-0.18877326230031935,1.3931307048088653,-0.19924534944335684,0.29612855630971663,-0.4566617887005789,-0.43239257192897806,-0.9199647088594335,4.0,1.0,6.0,5.0,5.0,1.0,1.0,5.0
LIDC-IDRI-0136-S8-N6,LIDC-IDRI-0136,8,train,0,3,2.0,3.0,7.068146213481882,0.316524476307154,0.8478766624679716,0.6949710725411661,3.161999781266925,6.670357705053513,5.666666666666667,0.7535538990800014,-0.7652857712746692,0.013081225259157185,-0.34284106119771557,1.3272306149275972,0.7737695265025262,-0.28946219023888814,4.0,1.0,6.0,2.0,3.0,3.0,3.0,5.0
LIDC-IDRI-0137-S140-N1,LIDC-IDRI-0137,140,train,1,3,4.0,2.5,8.316577878173357,0.27582672739120195,1.1122845454596793,0.6675783475783477,3.447466906794404,7.574819888847037,8.666666666666666,1.6160859710246163,-0.8785693994744062,0.17743978174147812,-0.47119092041193533,1.8696726696846697,1.6012685425722983,0.27799007651960256,5.0,1.0,6.0,3.0,4.0,2.0,2.0,5.0
LIDC-IDRI-0137-S140-N2,LIDC-IDRI-0137,140,train,1,5,4.0,2.5,6.796572726583546,0.5258759529216649,0.9881670883168884,0.5186544870282357,2.978109439288707,6.356815149617222,3.8,0.5659258142079837,-0.1825485076279248,0.10028714219296203,-1.1689804452288306,0.9778038472452233,0.4869071670047368,-0.6425436006663937,5.0,1.0,6.0,3.0,4.0,3.0,2.0,5.0
LIDC-IDRI-0139-S142-N1,LIDC-IDRI-0139,142,test,1,3,5.0,2.5,9.288277499085366,0.44629216272727906,0.5280420738611109,0.6481098075300974,3.634108006535569,8.039849329302399,9.333333333333334,2.2874259498452894,-0.4040728115329229,-0.18573111990147934,-0.5624116506492904,2.224326402434614,2.026727352587219,0.40409058024371186,5.0,1.0,6.0,3.0,4.0,3.0,2.0,5.0
LIDC-IDRI-0139-S142-N2,LIDC-IDRI-0139,142,test,1,3,5.0,2.5,7.9516440031041515,0.4485605086338395,0.3703967102223761,0.8761074800290487,3.0972800274696564,7.144224645225793,7.666666666666667,1.3639558943143244,-0.39775879021351607,-0.2837250378990211,0.5058818180045594,1.2042507230458506,1.2073138291464407,0.08883932093343909,5.0,1.0,6.0,3.0,4.0,3.0,2.0,5.0
LIDC-IDRI-0141-S144-N1,LIDC-IDRI-0141,144,val,1,4,3.5,2.0,5.7904033096048435,0.12227739942548821,0.6677211900781217,0.6447885649337555,2.5459430468433237,6.139784315358589,7.75,-0.12922908813776726,-1.305979402310443,-0.09890519908400422,-0.5779734839548623,0.15660516987787212,0.28834408164436603,0.10460188389895267,5.0,1.0,5.0,2.5,4.5,2.0,2.0,5.0
LIDC-IDRI-0141-S144-N3,LIDC-IDRI-0141,144,val,0,4,2.5,2.0,3.968224389034027,0.21833101636173607,0.5642403714887704,0.8025078369905956,1.780155455546574,4.730218082995988,4.5,-1.3881588351673417,-1.0386107512649603,-0.1632298999004625,0.1610273416782895,-1.2985374976461779,-1.0012782942442706,-0.5101380717560791,4.0,1.0,6.0,3.0,4.0,1.5,1.5,3.5
LIDC-IDRI-0141-S144-N4,LIDC-IDRI-0141,144,val,0,3,2.0,2.0,4.101449924491461,0.2328113972134522,0.5157356746417022,0.7477913935594186,1.8204740187536068,4.79640931288544,4.333333333333333,-1.2961143121197554,-0.9983040973518877,-0.1933808994326766,-0.09534904368048246,-1.221924527832354,-0.9407194576368202,-0.5416631976871065,4.0,1.0,6.0,4.0,4.0,1.0,1.0,5.0
LIDC-IDRI-0142-S145-N0,LIDC-IDRI-0142,145,train,0,4,1.0,2.0,4.9150714002906115,0.22205822638152678,0.31935962729067563,0.9627763783935068,2.008311521229627,5.3612530669748395,6.5,-0.7339893379241458,-1.0282359299210013,-0.31545019368034805,0.911972884827186,-0.8649974014066487,-0.4239398076776379,-0.13183656058375184,5.0,1.0,3.0,3.5,5.0,1.0,1.0,5.0
LIDC-IDRI-0142-S145-N1,LIDC-IDRI-0142,145,train,0,3,2.0,2.0,4.756500823765202,0.20753376260102518,0.5797724067766433,0.6985726280436607,2.0285919402503665,5.278532708630784,5.333333333333333,-0.8435445597181351,-1.0686652902305578,-0.15357503307023515,-0.3259658090158011,-0.8264607322731466,-0.49962126386804034,-0.3525124421009428,3.0,1.0,6.0,3.0,4.0,3.0,2.0,5.0
LIDC-IDRI-0142-S145-N2,LIDC-IDRI-0142,145,train,1,4,3.5,2.0,5.890649846710099,0.17085736467142026,0.5305250352113193,0.6354324097397146,2.402520943423391,6.093471436768551,7.5,-0.0599695076576156,-1.170755345268821,-0.1841876865563606,-0.6218121748325142,-0.11592421623948287,0.24597209290750613,0.057314195002411764,4.5,1.0,6.0,5.0,4.0,1.5,1.5,5.0
LIDC-IDRI-0144-S147-N0,LIDC-IDRI-0144,147,train,0,4,1.5,2.5,5.239053435174942,0.9963139016305385,0.7653174133452935,0.6756467046851696,2.171561176870991,5.068474979099907,2.25,-0.5101525803947113,1.1269322153143218,-0.03823842095007951,-0.43338626606826247,-0.5547918795593989,-0.6918046051058118,-0.9357272718249473,4.5,1.0,4.5,3.5,5.0,1.0,1.0,5.0
LIDC-IDRI-0144-S147-N1,LIDC-IDRI-0144,147,train,0,4,2.0,2.5,6.07730857618882,0.7283696283944432,0.43724393766759917,0.8476184765918627,2.43681983838368,5.733809145845465,3.75,0.06899160830672356,0.3810998232030969,-0.2421721398408084,0.3723952961167414,-0.05074976568312507,-0.08308554730025339,-0.6520011384457018,5.0,1.0,4.5,3.5,5.0,1.5,1.0,5.0
LIDC-IDRI-0144-S147-N3,LIDC-IDRI-0144,147,train,0,4,1.5,2.5,5.91655372495085,0.7561278532352669,0.3798794532788596,0.870174852373432,2.3637067873646913,5.61647011418332,3.75,-0.04207271250069571,0.4583658270021429,-0.27783047097982955,0.4780842211826896,-0.18967852517168962,-0.19043987895373818,-0.6520011384457018,4.0,1.0,4.5,3.0,5.0,1.5,1.0,5.0
LIDC-IDRI-0144-S147-N4,LIDC-IDRI-0144,147,train,1,4,4.0,2.5,6.795995696456597,0.7573863889853804,0.4463686454595605,0.7496962342096735,2.6213951119115033,6.199853759239282,4.0,0.5655271484219035,0.4618690059196395,-0.23650013118493643,-0.08642382614124205,0.29997850274631116,0.3433020518036577,-0.604713449549161,4.5,1.0,6.0,4.5,5.0,1.0,1.0,5.0
LIDC-IDRI-0145-S148-N1,LIDC-IDRI-0145,148,train,1,4,3.5,2.5,5.960396847959614,0.8726993250798876,0.1645061600856076,1.1237296037296038,2.2039473403668017,5.592390496217205,4.0,-0.011781827705958245,0.7828466552271647,-0.4117086412278654,1.6661265456989418,-0.49325198406388365,-0.21247049618830582,-0.604713449549161,4.0,1.0,6.0,5.0,4.0,1.0,2.5,5.0
LIDC-IDRI-0146-S149-N0,LIDC-IDRI-0146,149,train,1,4,3.5,1.25,7.386289585624806,0.45661633470635693,0.5128011136757484,1.0358905410099943,2.9587450950783527,6.7609988110685695,14.75,0.9733567683205036,-0.3753351124930241,-0.19520505156768939,1.2545526205464106,0.9410078951961782,0.856697732221802,1.428657173002098,4.0,1.0,6.0,3.5,4.5,1.5,1.0,5.0
LIDC-IDRI-0148-S151-N1,LIDC-IDRI-0148,151,test,1,4,4.5,2.5,7.039137643212172,0.5820101229531165,0.36139082201397593,0.9274853801169591,2.6856727869193056,6.4483536860965245,5.5,0.7335120954903207,-0.02629705351736969,-0.2893231871259873,0.7466153066208401,0.422118360503359,0.5706564383688364,-0.3209873161699155,5.0,1.0,6.0,4.0,4.0,4.0,2.5,5.0
LIDC-IDRI-0148-S151-N2,LIDC-IDRI-0148,151,test,1,4,4.5,2.5,7.24830201951465,0.44489439798497155,0.6762584867325032,0.7105284280936455,3.0989606312222917,6.6779457310370764,5.5,0.8780221940176317,-0.40796353929050166,-0.09359833100390427,-0.2699463638787511,1.2074441911242764,0.780711866544842,-0.3209873161699155,5.0,1.0,6.0,2.0,4.0,3.0,3.0,5.0
LIDC-IDRI-0149-S152-N2,LIDC-IDRI-0149,152,train,0,4,2.5,2.5,4.746703232266083,1.315502410383655,0.44990148168719996,0.8999999999999999,1.9032954690278423,4.647457983153026,2.25,-0.8503136421876112,2.0154047553039613,-0.2343040852271029,0.617831307465976,-1.064547955725481,-1.0769961102204453,-0.9357272718249473,4.0,1.0,6.0,5.0,5.0,1.0,1.0,5.0
LIDC-IDRI-0149-S152-N4,LIDC-IDRI-0149,152,train,0,4,2.5,2.5,5.141069447306198,1.1335039627394925,0.1215591708218288,1.0999999999999999,1.9404190808493973,4.962374470508822,3.0,-0.5778489825800158,1.5088056183730907,-0.43840491473071624,1.5549404076992368,-0.9940060036906229,-0.7888767304382167,-0.7938642051353245,4.0,1.0,6.0,5.0,5.0,1.0,1.0,5.0
LIDC-IDRI-0151-S10-N0,LIDC-IDRI-0151,10,test,1,3,4.0,3.0,5.947116510312839,0.6183137519943585,0.3877973426278894,0.858796852074163,2.3178966802558705,5.694719539221182,3.0,-0.02095711336280458,0.07475538609304892,-0.2729086326100027,0.42477208306818115,-0.27672647713055143,-0.11884891209288648,-0.7938642051353245,5.0,1.0,6.0,4.0,4.0,4.0,4.0,5.0
LIDC-IDRI-0151-S153-N0,LIDC-IDRI-0151,153,test,1,4,3.5,3.0,6.736231403740069,0.4625395626649682,0.3659980209100324,0.8625231779356193,2.6674988068366576,6.323511841202422,4.0,0.5242364469097544,-0.3588475972943002,-0.2864593067022462,0.4422319524442072,0.38758432762328676,0.45643772843791,-0.604713449549161,5.0,1.0,6.0,3.0,3.0,3.5,2.5,4.5
LIDC-IDRI-0152-S154-N0,LIDC-IDRI-0152,154,train,0,4,2.5,2.5,6.189327849828693,0.8464420696663376,0.3652010763654757,0.9547252747252748,2.383966984453025,5.7595103826072735,4.0,0.1463848841446996,0.7097586530883482,-0.2869546953172063,0.8742490722550779,-0.15118028157158356,-0.05957129926063868,-0.604713449549161,3.5,1.0,6.0,5.0,5.0,1.0,1.0,5.0
LIDC-IDRI-0153-S155-N0,LIDC-IDRI-0153,155,val,1,3,4.0,2.5,7.473458227881114,0.47341594385462576,0.6798011871769009,0.7689747682451925,2.8923800035123617,6.810243517861161,6.333333333333333,1.0335809293541895,-0.328572804322524,-0.09139615335132371,0.003906622277965696,0.8149015473402595,0.9017520718588659,-0.16336168651477917,5.0,1.0,6.0,3.0,4.0,2.0,1.0,5.0
LIDC-IDRI-0154-S11-N1,LIDC-IDRI-0154,11,test,1,4,4.0,3.0,8.557823807688413,0.5592009658845928,0.2617309263227767,1.0163447663447662,3.211407826209443,7.476325467090652,8.0,1.7827609740046548,-0.08978715156274937,-0.35127276445949623,1.1629700039969408,1.4211153358762072,1.5111552812859912,0.1518895727954936,5.0,1.0,6.0,4.5,5.0,1.0,1.0,5.0
LIDC-IDRI-0156-S157-N0,LIDC-IDRI-0156,157,train,1,4,4.0,3.0,6.677369145719306,0.6224300819950036,0.22875492988386026,0.9862609429996051,2.528257478308638,6.182799300268396,4.0,0.4835689544022373,0.08621333671099404,-0.37177097015571764,1.022010880864139,0.12299921221190437,0.3276988035187828,-0.604713449549161,5.0,1.0,6.0,4.0,4.0,4.0,1.5,5.0
LIDC-IDRI-0159-S160-N1,LIDC-IDRI-0159,160,train,1,4,3.5,2.5,7.12437736756813,0.7334162420434392,0.25207302662046327,0.9034252297410192,2.6995047952902143,6.427857253911549,5.5,0.7924035816165572,0.39514725136580053,-0.35727621048297603,0.6338803772694702,0.4484018179356948,0.551904103810336,-0.3209873161699155,5.0,1.0,6.0,4.0,5.0,1.5,1.0,5.0
LIDC-IDRI-0160-S161-N0,LIDC-IDRI-0160,161,train,0,4,1.0,2.5,5.49696283591011,0.8153775628281685,0.48685296118750154,1.355151515151515,2.115322798789538,5.314879857140014,4.25,-0.3319649101508024,0.6232894960317531,-0.211334679921036,2.7504644416331847,-0.6616555378750107,-0.4663669939082068,-0.5574257606526201,4.0,1.0,3.0,3.5,5.0,1.0,1.0,5.0
LIDC-IDRI-0160-S161-N1,LIDC-IDRI-0160,161,train,1,4,4.0,2.5,6.482861314048938,0.8077031585184475,0.34695892996387473,1.0647619047619048,2.3876919783015387,5.969014868843378,4.5,0.34918495261423577,0.6019275193221243,-0.29829419403328783,1.3898307090867106,-0.14410208188953028,0.13210587567159332,-0.5101380717560791,4.0,1.0,6.0,5.0,5.0,1.0,1.0,5.0
LIDC-IDRI-0162-S163-N1,LIDC-IDRI-0162,163,train,0,4,2.5,2.5,6.355147273490329,0.721389668819364,0.7313843875730088,0.746620699561876,2.6797371187938506,5.923972837899578,3.5,0.26094828004741255,0.3616708580535641,-0.059331525550084974,-0.10083438367391034,0.41083945751802053,0.09089659466942873,-0.6992888273422427,3.0,1.0,6.0,3.0,3.5,1.5,1.5,5.0
LIDC-IDRI-0163-S164-N0,LIDC-IDRI-0163,164,val,1,4,4.0,2.5,8.487321432036108,0.4394133031349134,0.4684250845051466,0.9242424242424242,3.1648395961786866,7.512138337044768,9.25,1.7340514115445995,-0.42322036129320717,-0.22278963041750463,0.7314202893124321,1.3326268055853454,1.5439207359182343,0.3883280172781981,5.0,1.0,6.0,3.5,5.0,2.0,2.0,5.0
LIDC-IDRI-0164-S165-N1,LIDC-IDRI-0164,165,test,1,4,3.5,1.25,5.79427199202977,0.9737717194115049,0.37453791216895843,0.8286501377410469,2.349010715005855,5.458080243812236,6.5,-0.12655624447155678,1.064185251235658,-0.2811508257902868,0.2835182813497032,-0.2176038691931978,-0.33535192086771154,-0.13183656058375184,4.0,1.0,6.0,5.0,4.5,1.0,1.5,5.0
LIDC-IDRI-0164-S165-N2,LIDC-IDRI-0164,165,test,1,4,4.0,1.25,6.9882157554478495,0.8005473091635308,0.3137543773091545,0.8551396316102198,2.715846824210309,6.312276852714567,10.0,0.6983305452277788,0.5820089587292563,-0.3189344725349019,0.4076360101765786,0.47945479375536526,0.4461587559326563,0.5301910839678208,5.0,1.0,6.0,4.5,4.5,2.0,1.5,5.0
LIDC-IDRI-0164-S165-N4,LIDC-IDRI-0164,165,test,0,4,2.5,1.25,5.175584092251786,1.1586021877344084,0.2070945391616063,1.0606060606060606,2.0606634726027795,4.981360126200538,6.0,-0.5540030733009461,1.5786674182153653,-0.38523528336632024,1.3703583121987464,-0.7655186960358559,-0.7715066162578312,-0.22641193837683365,3.5,1.0,6.0,5.0,5.0,1.0,1.0,5.0
LIDC-IDRI-0164-S165-N10,LIDC-IDRI-0164,165,test,1,4,3.5,1.25,6.334322048610567,0.7008032081361447,0.36047829000049286,0.8303853009735362,2.5601102596832734,5.93261546164338,8.5,0.24656028839975425,0.3043677142653776,-0.2898904260554132,0.2916484676274828,0.18352557981608536,0.09880379385631001,0.2464649505885754,5.0,1.0,6.0,3.5,4.5,3.0,1.0,5.0
LIDC-IDRI-0168-S169-N0,LIDC-IDRI-0168,169,test,0,4,1.0,1.25,4.815142970670682,1.1831946889677405,0.5115786003636966,0.7640852974186308,2.0352688479279153,4.728793597826675,4.25,-0.8030291403289892,1.6471215180225018,-0.19596497793968623,-0.01900321575651418,-0.8137733325827602,-1.002581566063849,-0.5574257606526201,4.5,1.0,3.0,3.0,5.0,1.0,1.0,5.0
LIDC-IDRI-0169-S170-N1,LIDC-IDRI-0169,170,test,1,4,4.0,1.25,5.899201477955556,0.699405581449333,0.32303632078315847,0.7932469040247678,2.3173421944216424,5.63135980510507,6.75,-0.05406124978074351,0.30047737079017,-0.31316472462316647,0.11763481888365254,-0.277780106106906,-0.17681719266778056,-0.08454887168721095,4.5,1.0,6.0,4.5,4.0,3.5,2.0,5.0
LIDC-IDRI-0169-S170-N2,LIDC-IDRI-0169,170,test,0,4,2.5,1.25,5.043220332847581,0.9349572646402636,0.21254076247833859,1.0083333333333333,1.9573902763357147,4.960582629143984,5.5,-0.6454522017380255,0.9561438391132957,-0.3818498570602272,1.125432070092326,-0.9617574912418722,-0.7905160991071617,-0.3209873161699155,3.5,1.0,6.0,4.5,5.0,1.5,2.0,5.0
LIDC-IDRI-0170-S171-N0,LIDC-IDRI-0170,171,train,1,4,4.5,1.25,8.351788197516173,0.2593238369266384,0.5534001434525883,0.669654331003976,3.3463243757272605,7.608656548365114,17.5,1.6404125165260848,-0.9245057806602418,-0.16996829291585513,-0.46146380561148675,1.6774825452560997,1.6322259479342995,1.948821750864048,5.0,1.0,6.0,3.0,4.0,3.0,2.5,5.0
LIDC-IDRI-0170-S171-N1,LIDC-IDRI-0170,171,train,1,3,5.0,1.25,8.414241212162617,0.3008852641572716,0.6785411956484517,0.5143066628667194,3.5693256015525914,7.587255918580757,13.333333333333334,1.6835608358499916,-0.808818073225396,-0.09217937655349408,-1.1893523731686853,2.1012274613353927,1.6126463564299283,1.1606936025883663,5.0,1.0,6.0,3.0,4.0,2.0,3.0,5.0
LIDC-IDRI-0171-S172-N0,LIDC-IDRI-0171,172,train,1,4,4.0,2.5,7.754139101769101,0.6047859854759761,0.3401158278280506,0.8875526387488111,3.0007398113952806,6.9254522645357826,6.75,1.2275012395777052,0.037100367978752075,-0.30254793403596547,0.5595086299540764,1.0208058760172727,1.0071573903167625,-0.08454887168721095,4.5,1.0,6.0,4.5,3.5,1.5,1.5,5.0
LIDC-IDRI-0171-S172-N1,LIDC-IDRI-0171,172,train,0,4,2.5,2.5,5.321594376249497,1.1782981001905861,0.3816203475992101,0.8909090909090909,2.097860715428854,5.064082469620996,2.75,-0.45312566339249916,1.6334916894139535,-0.27674831384350074,0.5752354392735552,-0.6948368310309431,-0.6958233439066212,-0.8411518940318654,3.5,1.0,6.0,4.0,4.5,1.0,1.0,5.0
LIDC-IDRI-0171-S172-N2,LIDC-IDRI-0171,172,train,0,4,2.0,2.5,5.1046323562795015,1.2801211883301464,0.5755551308180638,0.7313131313131314,2.077957160643464,4.893528129171256,2.25,-0.6030230954351701,1.916919868273982,-0.15619653353760765,-0.17255869121561218,-0.7326573861467293,-0.8518647477789673,-0.9357272718249473,3.0,1.0,6.0,3.5,4.5,1.0,1.0,5.0
LIDC-IDRI-0171-S172-N3,LIDC-IDRI-0171,172,train,0,4,2.5,2.5,5.148474994143678,1.1345927387106478,0.5160020868218163,0.9191919191919192,2.035331710077375,4.962360027991118,2.75,-0.5727325458231888,1.5118362649222126,-0.1932152949852698,0.7077559180944208,-0.8136538824938706,-0.78888994400248,-0.8411518940318654,3.0,1.0,6.0,4.0,4.0,1.0,1.0,5.0
LIDC-IDRI-0172-S173-N0,LIDC-IDRI-0172,173,train,1,4,4.5,2.5,8.373937987342472,0.6422609764830727,0.20811370599159254,0.9568491739793186,3.0684883552083075,7.306270498400315,8.0,1.6557156401589965,0.14141333518496554,-0.3846017591797647,0.8842006988497931,1.1495410473433327,1.355570756260505,0.1518895727954936,5.0,1.0,6.0,4.5,5.0,1.5,1.0,5.0
LIDC-IDRI-0179-S180-N0,LIDC-IDRI-0179,180,train,1,4,4.0,2.5,7.664686936121669,0.658085694344383,0.34954957121917524,0.7853497942386831,2.8741747847047665,6.824963526034395,5.5,1.1656994093630895,0.18546199886581471,-0.296683825793631,0.08063255165324693,0.7803081549170627,0.9152195141667369,-0.3209873161699155,3.5,1.0,6.0,5.0,2.0,2.5,1.5,1.0
LIDC-IDRI-0181-S182-N2,LIDC-IDRI-0181,182,test,1,4,3.5,2.5,7.6456838902952615,0.6713666464726749,0.3218672998155081,0.9299077733860344,2.9038926282345505,6.805804445655718,6.75,1.1525703475541997,0.22243000036749486,-0.3138913996245567,0.7579655405048111,0.8367777329024743,0.897690732481624,-0.08454887168721095,5.0,1.0,6.0,4.0,4.5,2.0,1.0,5.0
LIDC-IDRI-0181-S182-N3,LIDC-IDRI-0181,182,test,1,4,3.5,2.5,5.943030993539766,0.862476956148815,0.2594815805247988,1.0242424242424242,2.2581210763231687,5.582515713435972,3.75,-0.023779766253552985,0.7543923285837012,-0.35267098006563546,1.1999748394290626,-0.39031154007496577,-0.22150500662090358,-0.6520011384457018,4.0,1.0,6.0,4.5,4.5,1.0,1.5,5.0
LIDC-IDRI-0181-S182-N7,LIDC-IDRI-0181,182,test,1,4,3.5,2.5,7.198792465031391,0.6178176589480256,0.25759052123671566,0.9383458646616541,2.7536678271364354,6.5361655194715125,5.75,0.8438164142242672,0.07337449349554184,-0.35384648123184526,0.797502601119722,0.5513219220711493,0.6509961220163217,-0.27369962727337455,4.0,1.0,6.0,4.5,4.5,2.0,1.0,5.0
LIDC-IDRI-0182-S183-N2,LIDC-IDRI-0182,183,val,0,4,2.5,2.5,6.429453152097441,0.6211880395835838,0.4720831225694957,0.7703703703703704,2.5528491887856193,6.028115666275348,3.75,0.31228565416672127,0.08275606758699015,-0.22051575775905344,0.01044577953701097,0.16972815844862507,0.18617762416501488,-0.6520011384457018,4.5,1.0,6.0,4.5,4.5,2.0,1.5,5.0
LIDC-IDRI-0183-S184-N1,LIDC-IDRI-0183,184,val,1,4,4.5,2.5,7.969865816980577,0.26119377762777796,0.8728294763892881,0.8167098655338848,3.3170151017249276,7.338139007481719,9.5,1.3765452088294337,-0.9193007343668725,0.028592141310053328,0.22757159262673377,1.621789327398224,1.3847274865041794,0.435615706174739,5.0,1.0,6.0,2.0,3.5,3.0,3.5,5.0
LIDC-IDRI-0184-S185-N0,LIDC-IDRI-0184,185,test,0,4,2.0,2.5,5.290720221810604,0.82689207167155,0.3523610623968983,1.097902097902098,2.050014595555286,5.167375267749835,3.25,-0.4744563850898675,0.6553405399705723,-0.294936175056804,1.545110591962525,-0.7857535960644471,-0.6013200132530313,-0.7465765162387836,4.5,1.0,4.5,3.5,5.0,1.0,1.0,5.0
LIDC-IDRI-0185-S186-N2,LIDC-IDRI-0185,186,train,0,3,2.0,2.5,4.5943904504014945,1.306050152207033,0.5033778308576932,0.7466666666666667,1.938833888898694,4.540951917825401,2.0,-0.9555454005936896,1.9890940592716146,-0.20106265741429266,-0.10061900271285684,-0.9970181711243861,-1.1744392823544303,-0.9830149607214882,3.0,1.0,5.0,4.0,4.0,1.0,2.0,5.0
LIDC-IDRI-0185-S186-N3,LIDC-IDRI-0185,186,train,0,4,2.5,2.5,5.033971311749831,1.1527110977839603,0.6966187621253246,0.7155555555555556,2.013191231598444,4.880959255029577,2.0,-0.6518422810323327,1.5622693603027278,-0.08094218234720334,-0.24639152941580847,-0.855725019817387,-0.863364101949554,-0.9830149607214882,3.5,1.0,6.0,4.5,4.5,1.0,1.0,5.0
LIDC-IDRI-0185-S186-N5,LIDC-IDRI-0185,186,train,0,4,1.0,2.5,6.252251217542679,0.8615754064780645,0.3062944710656442,1.0528138528138529,2.3587007951211465,5.795920101188372,4.25,0.18985816687458762,0.751882833085171,-0.3235716240744241,1.3338475680338147,-0.19919086643924838,-0.02625978348795227,-0.5574257606526201,5.0,1.0,3.0,4.0,4.5,1.0,1.0,5.0
LIDC-IDRI-0186-S187-N4,LIDC-IDRI-0186,187,test,1,4,5.0,2.5,7.231793536721357,0.42324678278748556,0.49217527724611626,0.6221630060952926,2.859081963928601,6.781340229061218,4.5,0.8666166070951947,-0.46822044432245924,-0.20802627559269748,-0.6839865693817954,0.7516289131347536,0.8753082431707301,-0.5101380717560791,5.0,1.0,6.0,4.0,4.0,2.5,3.5,5.0
LIDC-IDRI-0187-S188-N3,LIDC-IDRI-0187,188,test,1,4,5.0,2.5,8.558524943683246,0.4222649175597833,0.38894155519616685,0.7853546662324091,3.279554854545581,7.572188964633547,8.0,1.7832453836038678,-0.47095350102362915,-0.27219737875515104,0.08065537960153153,1.5506077038956023,1.5988614909154943,0.1518895727954936,5.0,1.0,6.0,5.0,4.5,3.0,3.5,5.0
LIDC-IDRI-0188-S189-N3,LIDC-IDRI-0188,189,train,1,4,4.0,2.5,8.505055078640094,0.5466447397726678,0.15374203134251513,1.0553872053872053,3.1695492243558263,7.450061001097615,9.5,1.7463034549531988,-0.12473785248217052,-0.4183997301696426,1.345905128606801,1.3415759985294682,1.4871257307351002,0.435615706174739,5.0,1.0,6.0,4.5,4.0,2.0,1.0,5.0
LIDC-IDRI-0188-S189-N4,LIDC-IDRI-0188,189,train,0,4,2.5,2.5,4.878820131588989,1.0035614579929675,0.3049722840723049,1.1683501683501682,1.9141048117507924,4.82112664160774,3.0,-0.7590350675288646,1.1471060456166713,-0.3243935085930175,1.8751982315163278,-1.0440081402690562,-0.9181053942032454,-0.7938642051353245,3.5,1.0,6.0,4.5,5.0,1.0,1.0,5.0
LIDC-IDRI-0188-S189-N5,LIDC-IDRI-0188,189,train,0,4,2.5,2.5,5.735807342756284,0.8338129401330352,0.5882267754737709,0.7068783068783069,2.2963358466453467,5.457678483472749,2.75,-0.16694903207826722,0.6746050229086659,-0.14831971382896736,-0.2870491729179925,-0.3176961785080996,-0.33571949431807585,-0.8411518940318654,3.5,1.0,6.0,4.0,4.5,2.0,1.0,5.0
LIDC-IDRI-0188-S189-N6,LIDC-IDRI-0188,189,train,0,4,2.5,2.5,5.314760114900878,1.0143929647572096,0.6527192294379063,0.6868686868686869,2.117716106229347,5.115619977387144,2.25,-0.45784740329060714,1.1772559290330091,-0.10823056626796117,-0.3808051579341149,-0.6571077966844395,-0.6486713040188911,-0.9357272718249473,3.5,1.0,6.0,4.0,5.0,1.0,1.0,5.0
LIDC-IDRI-0190-S191-N0,LIDC-IDRI-0190,191,val,1,4,4.5,2.5,8.659531873347559,0.45711312515206165,0.5107269274176223,0.8674727721806565,3.333799849877597,7.610425733150724,10.25,1.8530303135989385,-0.3739522786596192,-0.19649438627058768,0.46542350149164025,1.6536835543068058,1.6338445879344794,0.5774787728643618,5.0,1.0,6.0,3.0,5.0,3.5,1.0,5.0
LIDC-IDRI-0190-S191-N1,LIDC-IDRI-0190,191,val,1,4,4.5,2.5,7.77323124607525,0.4550120086559338,0.7339540734408736,0.5940191203349098,3.2349865049451423,7.021043336948105,6.25,1.2406918588578706,-0.3798008109812285,-0.0577341833866196,-0.8158560266916955,1.4659193283436986,1.0946143562171842,-0.17912424948029276,5.0,1.0,6.0,3.0,5.0,2.0,1.5,5.0
LIDC-IDRI-0191-S192-N0,LIDC-IDRI-0191,192,val,1,4,5.0,2.5,9.04192489874619,0.26242821003135397,0.7195845702790362,0.5011896524271776,3.8466992754301974,8.087918375919115,9.0,2.117222786300888,-0.9158646479697303,-0.066666408743614,-1.250812722422432,2.628290412334294,2.070706072197043,0.3410403283816572,5.0,1.0,6.0,3.0,4.0,2.5,5.0,5.0
LIDC-IDRI-0193-S194-N0,LIDC-IDRI-0193,194,test,0,4,2.0,2.5,5.54758311262891,0.7423332095003699,0.7171352498188629,0.6592592592592592,2.4434213985557642,5.370001398068921,3.0,-0.29699174069705686,0.41996794668598175,-0.06818893057859773,-0.5101703872592454,-0.03820554064239243,-0.41593589606881626,-0.7938642051353245,4.0,1.0,6.0,2.5,4.5,1.0,1.0,5.0
LIDC-IDRI-0194-S195-N1,LIDC-IDRI-0194,195,train,1,4,4.5,2.5,8.201566918313672,0.27008784902095534,0.6789979284059127,0.47015344002639825,3.3875971613475118,7.597607262090474,5.75,1.5366257616196999,-0.8945437710525773,-0.09189546695191528,-1.3962343078101456,1.7559087198848915,1.6221168757316464,-0.27369962727337455,5.0,1.0,6.0,3.0,3.5,3.0,5.0,5.0
LIDC-IDRI-0194-S195-N2,LIDC-IDRI-0194,195,train,1,4,4.5,2.5,7.167953973506906,0.4764421709600719,0.6927015947443905,0.6,3.0028096604170793,6.617439257567989,4.75,0.8225103317669352,-0.32014919379386025,-0.083377132353025,-0.7878323428839151,1.024738984442093,0.725354054843395,-0.4628503828595382,5.0,1.0,6.0,3.0,4.0,3.0,4.5,4.5
LIDC-IDRI-0195-S196-N0,LIDC-IDRI-0195,196,test,1,3,4.0,2.5,5.918108579071589,0.45386422374158286,10.935044592277569,0.4915036380471838,2.7053199827723873,5.779289515536685,2.6666666666666665,-0.04099847545251564,-0.3829957110175701,6.283364626719854,-1.2961969835248441,0.4594517846903567,-0.04147522699683969,-0.8569144569973792,3.0,1.0,6.0,3.0,4.0,2.0,1.0,5.0
LIDC-IDRI-0195-S196-N1,LIDC-IDRI-0195,196,test,1,4,4.5,2.5,7.015236820968607,0.5673928871658733,0.45826269510684675,0.9185237371762125,2.662680544294261,6.438344125807733,5.5,0.7169991966958026,-0.06698464799955227,-0.22910667222812336,0.7046251208567659,0.3784287086390441,0.5614986190164278,-0.3209873161699155,5.0,1.0,6.0,3.5,4.5,2.0,1.0,5.0
LIDC-IDRI-0195-S196-N2,LIDC-IDRI-0195,196,test,1,4,4.0,2.5,6.4216661340816845,0.6079380252782907,0.3957311612072797,0.8421058972140981,2.5887006499104497,6.0227833117126455,4.25,0.3069056618344535,0.04587418261340423,-0.26797689247295803,0.34656585461343425,0.23785278121442346,0.18129901427613632,-0.5574257606526201,5.0,1.0,6.0,3.0,4.5,2.0,1.0,5.0
LIDC-IDRI-0195-S196-N3,LIDC-IDRI-0195,196,test,1,4,4.5,2.5,8.05339464660902,0.5266697703825176,0.2537675094761158,0.9260317993434829,3.0880910690659285,7.158816156123099,7.25,1.434254650622817,-0.180338888558344,-0.3562229031723622,0.7398044877670967,1.1867899472441352,1.2206637083639984,0.01002650610587086,5.0,1.0,6.0,3.5,4.0,2.0,2.0,5.0
LIDC-IDRI-0195-S196-N4,LIDC-IDRI-0195,196,test,1,4,4.5,2.5,6.989792069156975,0.327982036955741,0.31872839918189,0.8861545133760678,2.858187851472246,6.606613847942946,6.0,0.6994196085445945,-0.7333932446567729,-0.31584257131900684,0.5529576499037525,0.7499299287171505,0.7154498090122391,-0.22641193837683365,5.0,1.0,6.0,2.5,5.0,2.5,2.0,5.0
LIDC-IDRI-0195-S196-N6,LIDC-IDRI-0195,196,test,1,4,4.0,2.5,5.944692268633808,0.7661905083775082,0.28357093124096955,1.1170014874488265,2.2548944198520293,5.626558201993306,4.0,-0.022632003753241644,0.4863755846472157,-0.3376968012873485,1.634601650728222,-0.39644280357147504,-0.18121021420227715,-0.604713449549161,5.0,1.0,6.0,4.0,4.5,1.5,1.5,5.0
LIDC-IDRI-0196-S197-N0,LIDC-IDRI-0196,197,train,1,4,4.5,2.5,6.102333544823084,0.42794731030720223,0.4306906571032494,0.9814118629908103,2.5337845428724144,5.92939735688828,4.75,0.08628117140971922,-0.45513635918089757,-0.24624572388676502,0.9992902958441352,0.1335016903981755,0.09585952646053496,-0.4628503828595382,4.5,1.0,6.0,2.0,3.5,2.0,2.5,5.0
LIDC-IDRI-0203-S204-N0,LIDC-IDRI-0203,204,val,0,4,1.0,2.5,5.397578692464208,1.056484084861827,0.26620869301340727,0.9866666666666666,2.121534409057983,5.1563251357111,3.0,-0.40062866932100827,1.294418055377864,-0.34848934037542784,1.0239119175670557,-0.6498522921207421,-0.6114298592513925,-0.7938642051353245,5.0,1.0,3.0,4.0,5.0,1.0,1.0,5.0
LIDC-IDRI-0203-S204-N1,LIDC-IDRI-0203,204,val,1,4,4.5,2.5,8.665885975951957,0.183048508823008,0.6237899387844724,0.7882441882441882,3.4909934488893946,7.928040276716049,11.25,1.8574203154226063,-1.136820862940327,-0.12621329960426267,0.0941943664643439,1.9523814120200607,1.9244324389238976,0.7666295284505253,5.0,1.0,6.0,3.0,3.5,2.5,3.5,4.0
LIDC-IDRI-0204-S205-N0,LIDC-IDRI-0204,205,train,1,6,4.0,2.5,7.6883219258593565,0.3857476799457944,0.5922235805502376,1.0176192173302596,2.954869986912256,7.154478109640659,8.5,1.1820286464734566,-0.5726005276758351,-0.14583526024355786,1.1689415020784764,0.9336444496430715,1.2166947981539245,0.2464649505885754,4.5,1.0,6.0,2.0,4.0,2.5,3.0,5.0
LIDC-IDRI-0206-S207-N0,LIDC-IDRI-0206,207,val,0,4,2.0,1.25,4.535782559928227,1.2390794231667424,0.3467791375576376,0.8324882851615274,1.9195079460927733,4.534911653184246,4.25,-0.9960371524707967,1.802678658642616,-0.2984059547721178,0.30150209572854864,-1.0337411531714107,-1.1799655643117284,-0.5574257606526201,4.0,1.0,6.0,3.5,4.5,1.5,1.0,5.0
LIDC-IDRI-0206-S207-N1,LIDC-IDRI-0206,207,val,1,4,4.5,1.25,6.537339338518804,0.49540056780242614,0.5734989611751279,0.7033952926001731,2.6097422843296822,6.169272817715889,8.0,0.38682341105004925,-0.2673778234758693,-0.15747466893422254,-0.3033689947994003,0.2778359049759614,0.3153233264633045,0.1518895727954936,5.0,2.5,6.0,4.0,2.0,2.5,3.0,4.5
LIDC-IDRI-0208-S209-N0,LIDC-IDRI-0208,209,test,1,4,3.5,2.5,5.814147643769344,0.7162968312728061,0.46829166084499374,0.7462190492540057,2.378871664241754,5.565651295760134,3.0,-0.11282430578316957,0.34749476403181867,-0.22287256788493254,-0.10271633446699417,-0.1608623630369714,-0.23693438474571868,-0.7938642051353245,5.0,1.0,6.0,4.0,3.5,2.0,2.0,5.0
LIDC-IDRI-0209-S210-N0,LIDC-IDRI-0209,210,val,1,4,4.0,2.5,8.09515724729869,0.6741129956293699,0.16110861857377082,0.9941708801410949,3.0235842528573484,7.10380869238523,7.75,1.4631081181544656,0.23007456069480461,-0.4138205866515643,1.059073251251955,1.0642146774460346,1.1703369805746011,0.10460188389895267,5.0,1.0,6.0,3.5,5.0,3.0,1.0,5.0
LIDC-IDRI-0211-S212-N0,LIDC-IDRI-0211,212,train,1,4,5.0,1.25,8.306213968413184,0.24040594355651623,0.37398112622143836,0.7745330637588018,3.3576618148836848,7.597257986803835,18.25,1.608925623516851,-0.9771644081260762,-0.28149692944487,0.029950268815910668,1.6990258447878075,1.6217973212370418,2.0906848175536705,5.0,1.0,6.0,3.0,4.0,4.0,3.0,5.0
LIDC-IDRI-0212-S213-N0,LIDC-IDRI-0212,213,test,0,3,1.0,2.5,3.875411190825097,1.614687581234368,0.20832529263849278,1.0864197530864197,1.5768393679738606,4.013437177867393,2.0,-1.4522827775656935,2.8481972944569605,-0.3844702348263227,1.4913095428685836,-1.6848768917334156,-1.657066346370193,-0.9830149607214882,5.0,1.0,3.0,4.0,5.0,1.0,1.0,5.0
LIDC-IDRI-0213-S214-N0,LIDC-IDRI-0213,214,val,0,4,1.0,2.5,6.0018629738719635,0.8286390794643552,0.2717758617598249,1.0566408921677402,2.3144363466791518,5.638814960291898,4.25,0.016866807626063778,0.6602033981515224,-0.3450287331934423,1.3517793350612075,-0.2833017717534677,-0.16999641708170476,-0.5574257606526201,4.5,1.0,3.0,4.0,5.0,1.0,1.0,5.0
LIDC-IDRI-0215-S216-N2,LIDC-IDRI-0215,216,train,0,3,2.0,1.25,4.385344178968067,0.9942496975227492,1.2321339499679034,0.3961947131225143,2.0291321794613286,4.506888740346772,2.3333333333333335,-1.0999739013529448,1.121186429935428,0.25193935753837393,-1.7427712879266264,-0.825434174601705,-1.20560393064249,-0.9199647088594335,3.0,1.0,6.0,4.0,3.0,2.0,1.0,5.0
LIDC-IDRI-0215-S216-N3,LIDC-IDRI-0215,216,train,0,4,1.0,1.25,4.1159806870434545,1.5639945497477499,0.3785812038937524,0.8113725887726507,1.8115777255490024,4.17013728907924,3.75,-1.286075117276036,2.7070914425557344,-0.2786374756442744,0.20256353950965397,-1.2388291838648486,-1.5137002773744008,-0.6520011384457018,5.0,1.0,3.0,3.5,5.0,1.0,1.0,5.0
LIDC-IDRI-0216-S217-N1,LIDC-IDRI-0216,217,val,0,4,2.5,2.5,5.365826884434781,0.9825884022015304,0.2747195081687351,1.0156292998376137,2.062537887439485,5.158693410262771,3.0,-0.4225657553003019,1.0887268006270738,-0.34319893345718405,1.1596176531231173,-0.7619569498851885,-0.6092631076763614,-0.7938642051353245,4.5,1.0,6.0,5.0,5.0,1.0,1.0,5.0
LIDC-IDRI-0217-S218-N0,LIDC-IDRI-0217,218,test,1,4,4.0,2.5,7.739782984370942,0.6422194243997479,0.431013488956128,0.7579130434782609,2.959671598183089,6.885761279418658,5.75,1.2175827057606585,0.14129767348662417,-0.24604504841247402,-0.04792359243887041,0.9427684280314156,0.9708438199765362,-0.27369962727337455,5.0,1.0,6.0,3.5,4.5,2.5,1.0,5.0
LIDC-IDRI-0217-S218-N1,LIDC-IDRI-0217,218,test,1,4,4.0,2.5,6.5480741993504745,0.8558233058398008,0.37118506129596396,0.8015686274509803,2.512177210264709,5.993710134315499,4.0,0.3942400458703987,0.735871656854804,-0.2832349910706508,0.15662663264529283,0.0924436320459715,0.15469975327745586,-0.604713449549161,5.0,1.0,6.0,3.5,5.0,1.5,1.5,5.0
LIDC-IDRI-0217-S218-N2,LIDC-IDRI-0217,218,test,1,4,4.0,2.5,6.481985785027593,0.6697649474882773,0.17844546375289014,1.1076923076923078,2.518657318046297,6.031401875482635,5.0,0.34858005618122617,0.21797161441078983,-0.4030438321336708,1.590983065400517,0.10475707435074395,0.18918420081836185,-0.4155626939629973,5.0,1.0,6.0,4.0,5.0,2.5,1.0,5.0
LIDC-IDRI-0219-S220-N0,LIDC-IDRI-0219,220,train,1,4,3.5,2.5,6.6531947299419825,0.7644874641078678,0.37639260315417883,0.8029660207162788,2.5393163206634197,6.100297202654673,4.0,0.46686703188762524,0.48163510049296765,-0.2799979315210144,0.16317418237287193,0.1440131246162765,0.25221703565458486,-0.604713449549161,4.5,1.0,6.0,4.5,4.0,1.0,1.5,5.0
LIDC-IDRI-0220-S221-N0,LIDC-IDRI-0220,221,train,1,3,4.0,1.25,7.209945699739469,0.22125807947817652,0.7604868809549202,0.4476049382716049,3.0682708669724112,6.867603585859307,7.666666666666667,0.8515221004173682,-1.0304631672183637,-0.041241127683856196,-1.501886338765358,1.149127778160946,0.9542312143599708,0.08883932093343909,4.0,1.0,6.0,3.0,3.0,2.0,2.0,1.0
LIDC-IDRI-0220-S221-N1,LIDC-IDRI-0220,221,train,1,4,3.5,1.25,6.457154476688024,0.5216196804116597,0.8027489667327047,0.47354497354497355,2.782611449849748,6.096086920231769,6.5,0.33142429152308056,-0.19439599318630155,-0.01497059696527501,-1.3803431231901304,0.6063203326506938,0.24836501770982525,-0.13183656058375184,4.5,1.0,6.0,3.0,4.0,2.5,2.0,4.5
LIDC-IDRI-0220-S221-N2,LIDC-IDRI-0220,221,train,1,4,3.5,1.25,7.523628564296429,0.44304308841801643,0.4660088180332082,0.6505840455840456,3.0688861599574233,6.868416206095592,11.5,1.0682432384275133,-0.41311672516077363,-0.22429160556632,-0.550818495666799,1.150296952336259,0.9549746865117241,0.8139172173470662,4.5,1.0,6.0,3.0,4.5,2.0,2.0,5.0
LIDC-IDRI-0221-S222-N0,LIDC-IDRI-0221,222,val,1,4,5.0,2.5,8.696800088663824,0.37212867436006913,0.5165148294637,0.6723732407942934,3.4217184744105786,7.7040578147239245,8.25,1.8787786439910232,-0.610509512971548,-0.19289656908529507,-0.448724230075388,1.8207457309233401,1.7195092588988494,0.19917726169203448,5.0,1.0,6.0,3.0,3.5,3.5,5.0,5.0
LIDC-IDRI-0222-S223-N0,LIDC-IDRI-0222,223,train,0,4,1.5,2.5,5.028540442169759,0.9204884721987272,0.3233354999906081,1.0342657342657344,1.980466691133524,4.957407106977297,3.0,-0.6555944280851853,0.915869441951154,-0.3129787518673258,1.246939514615579,-0.9179078961747678,-0.7934214073837548,-0.7938642051353245,5.0,1.0,3.0,4.0,5.0,1.0,1.0,5.0
LIDC-IDRI-0223-S224-N0,LIDC-IDRI-0223,224,train,1,3,5.0,1.25,7.903656684110628,0.28422392140164515,0.6138014877592146,0.8466776135741653,3.1507696860766914,7.263569811635708,15.333333333333334,1.3308018156016705,-0.8551955119858222,-0.13242221960101336,0.3679868396369552,1.3058912894313535,1.316503588040145,1.5389951137606936,4.0,1.0,6.0,3.0,2.0,1.0,2.0,3.0
LIDC-IDRI-0223-S224-N2,LIDC-IDRI-0223,224,train,1,4,4.0,1.25,6.997036049063327,0.27933436158440755,0.7156707125241426,0.7067619047619048,2.896765458682456,6.660041245570492,11.25,0.7044244199207105,-0.8688057752350312,-0.06909930145313894,-0.28759458033082647,0.8232347496629974,0.7643309228500013,0.7666295284505253,5.0,1.0,6.0,3.0,4.0,3.0,2.5,5.0
LIDC-IDRI-0228-S229-N0,LIDC-IDRI-0228,229,train,1,4,3.5,2.5,6.471669985939191,0.7334220491889816,0.2439760326342555,0.9938271604938271,2.5062528355058316,5.9921405824018175,4.75,0.34145294797568204,0.39516341576147457,-0.36230938206757995,1.057462737205037,0.0811861886138481,0.15326375884063526,-0.4628503828595382,5.0,1.0,6.0,3.0,4.0,2.0,1.5,5.0
LIDC-IDRI-0229-S230-N1,LIDC-IDRI-0229,230,val,1,4,5.0,2.5,8.069056933735375,0.5070090359738555,0.4413165576188715,0.7854144540133718,3.284198413750239,7.1818709287244005,8.0,1.445075607306758,-0.23506524041343776,-0.23964055897900327,0.08093551796964611,1.5594313531746795,1.2417566871365022,0.1518895727954936,5.0,1.0,6.0,3.0,4.5,2.0,1.5,5.0
LIDC-IDRI-0229-S230-N2,LIDC-IDRI-0229,230,val,1,4,4.5,2.5,6.692703910703279,0.7818709488364561,0.434823149269025,0.8084461901690931,2.6026488975256705,6.119240945961042,4.0,0.49416362849493495,0.5300226470591445,-0.24367692586396675,0.18885176569813536,0.26435711540940426,0.26954880388943864,-0.604713449549161,5.0,1.0,6.0,4.5,4.5,1.0,1.5,5.0
LIDC-IDRI-0229-S230-N3,LIDC-IDRI-0229,230,val,1,4,4.0,2.5,6.129258858037221,0.6268376798773078,0.7746850690834987,0.6980868689714084,2.469402388828668,5.825891915619294,3.5,0.10488366832739104,0.09848204181269517,-0.03241539344676176,-0.3282418552514437,0.01116330252025348,0.0011616470547704324,-0.6992888273422427,4.5,1.0,6.0,3.5,4.5,2.5,1.5,5.0
LIDC-IDRI-0229-S230-N6,LIDC-IDRI-0229,230,val,1,4,4.5,2.5,7.59185214306653,0.6704778711696046,0.18667523452026383,1.0101894786404428,2.789712673697034,6.769923397887958,6.5,1.1153783972161957,0.21995606277467974,-0.39792812518801834,1.134129123385564,0.6198140140961287,0.8648629014728791,-0.13183656058375184,5.0,1.0,6.0,4.0,4.5,2.5,2.0,5.0
LIDC-IDRI-0235-S236-N1,LIDC-IDRI-0235,236,train,0,4,2.5,2.5,6.297771635489597,0.7169035933534844,0.4306692687494789,0.7988380537400145,2.4326422226363644,5.882602755606628,3.75,0.22130788215975933,0.34918370781333385,-0.2462590190991145,0.1438324052782738,-0.058688033411054,0.0530468061370243,-0.6520011384457018,4.5,1.0,6.0,4.5,4.5,1.5,1.0,5.0
LIDC-IDRI-0236-S237-N0,LIDC-IDRI-0236,237,val,0,4,2.5,2.5,5.419782849775219,0.7927282643315625,0.4522462618393513,1.1020979020979023,2.086399402910865,5.26654165588953,3.5,-0.3852879836007504,0.5602443699936229,-0.23284654668205096,1.5647702234359506,-0.7166155136059799,-0.5105919650458498,-0.6992888273422427,3.0,1.0,6.0,4.0,5.0,1.0,1.0,5.0
LIDC-IDRI-0237-S238-N1,LIDC-IDRI-0237,238,test,0,4,2.5,2.5,5.704037761098926,1.0101787776568452,0.35562207017468667,0.8808086176819041,2.2213016337284803,5.373956276936444,3.0,-0.18889839772376849,1.1655255897056982,-0.2929091003532418,0.5279092123842596,-0.46027551249094306,-0.4123175486904614,-0.7938642051353245,4.5,1.0,6.0,5.0,5.0,1.0,1.0,5.0
LIDC-IDRI-0237-S238-N2,LIDC-IDRI-0237,238,test,1,4,3.5,2.5,6.590598688024445,0.7042011249948847,0.5257224597480606,0.7126054763668104,2.630707712999384,6.082359238267289,3.75,0.4236198960950482,0.3138259364111299,-0.18717301498759867,-0.260214259686718,0.3176742232602193,0.2358054618521322,-0.6520011384457018,5.0,1.0,6.0,4.0,4.0,3.0,1.5,5.0
LIDC-IDRI-0240-S240-N4,LIDC-IDRI-0240,240,test,1,4,5.0,2.5,8.035845554301702,0.26515243833652746,0.6968186141283408,0.569980506822612,3.300076268490667,7.374348483340442,6.0,1.4221301143933398,-0.9082816618175525,-0.08081795236451832,-0.9284900440885179,1.5896023094086678,1.4178557987569063,-0.22641193837683365,5.0,1.0,6.0,3.5,2.0,3.5,4.5,5.0
LIDC-IDRI-0241-S241-N3,LIDC-IDRI-0241,241,train,0,4,2.5,1.25,4.498501926135185,0.7087756983711324,1.4015406965627526,0.353322738393409,2.216972686442075,4.681329522744386,2.5,-1.0217940626953284,0.3265594237250715,0.3572442675647099,-1.9436498762447012,-0.4685013390432435,-1.046006792826256,-0.8884395829284063,4.0,1.0,6.0,2.0,4.0,2.5,1.5,5.0
LIDC-IDRI-0241-S241-N4,LIDC-IDRI-0241,241,train,0,4,2.5,1.25,4.1730170354650795,1.0543111775927931,1.2282933482909268,0.40311673569133444,1.9957394083176259,4.340720608949418,2.25,-1.2466691320133851,1.288369690892494,0.24955200153177845,-1.7103378362203197,-0.8888868168621855,-1.357632360019979,-0.9357272718249473,3.5,1.0,6.0,2.5,4.0,1.0,1.0,5.0
LIDC-IDRI-0242-S242-N0,LIDC-IDRI-0242,242,train,1,4,5.0,2.5,8.607223789333734,0.43144294304217196,0.5894141606091797,0.6902255639097745,3.337974881678454,7.595472817847694,7.75,1.8168910507462557,-0.44540614142637397,-0.1475816234791782,-0.3650763578162781,1.6616169120430009,1.6201640572032383,0.10460188389895267,5.0,1.0,6.0,4.5,3.5,3.0,5.0,5.0
LIDC-IDRI-0244-S244-N0,LIDC-IDRI-0244,244,val,0,4,2.5,2.5,5.905810281053152,0.8907119996698627,0.527545182305668,0.7120879120879121,2.3909221793157194,5.551648023593021,3.0,-0.04949527729697724,0.8329855740982715,-0.18603999260926998,-0.2626393306652742,-0.13796408308433372,-0.24974608007989113,-0.7938642051353245,4.5,1.0,6.0,4.0,4.5,1.0,1.5,5.0
LIDC-IDRI-0244-S244-N1,LIDC-IDRI-0244,244,val,0,4,1.0,2.5,4.371407554561966,1.4845025651776456,0.4715750039826824,1.038095238095238,1.7797474039551961,4.365178405112026,2.25,-1.1096026106086325,2.4858226828634944,-0.22083160930063964,1.2648828290556084,-1.2993128735962627,-1.3352557448088191,-0.9357272718249473,4.0,1.0,3.0,4.0,5.0,1.0,1.0,5.0
LIDC-IDRI-0244-S244-N2,LIDC-IDRI-0244,244,val,1,3,4.0,2.5,7.438881261547586,0.494611490569201,0.45262274018904775,0.7152592592592592,2.940398831480946,6.771878369321947,5.666666666666667,1.0096919626957,-0.26957424795364954,-0.23261252401448587,-0.24777983919393257,0.9061464907367205,0.8666515190260043,-0.28946219023888814,4.0,1.0,6.0,3.0,4.0,2.0,1.0,5.0
LIDC-IDRI-0246-S246-N0,LIDC-IDRI-0246,246,test,0,4,2.5,2.5,5.945530369997086,0.9153342934087334,0.41042968448209377,0.756043956043956,2.3193968498873674,5.565839197568915,3.0,-0.02205296580842458,0.9015226024017123,-0.25884014495796054,-0.056681286657964285,-0.27387586834017075,-0.2367624720171704,-0.7938642051353245,5.0,1.0,5.0,4.5,4.5,1.0,1.0,5.0
LIDC-IDRI-0248-S248-N0,LIDC-IDRI-0248,248,train,0,3,1.0,2.5,4.9659751437456805,1.2814850810152356,0.6893730031855259,0.6400003276801669,2.0980024870269274,4.802410782887846,2.0,-0.6988203234287562,1.9207163119583996,-0.08544621780367094,-0.600408987476931,-0.694567437920185,-0.9352286691760644,-0.9830149607214882,3.0,1.0,3.0,3.0,5.0,1.0,1.0,5.0
LIDC-IDRI-0249-S249-N0,LIDC-IDRI-0249,249,val,1,4,3.5,1.25,6.471768323863145,0.7519088240206836,0.6428386326762815,0.6095241810433107,2.6432967012098127,5.987651199010898,6.25,0.34152088890965365,0.44662200947808955,-0.11437244298717938,-0.743206359244137,0.3415957050054795,0.14915638939466858,-0.17912424948029276,4.5,1.0,6.0,4.5,5.0,1.0,1.0,5.0
LIDC-IDRI-0249-S249-N1,LIDC-IDRI-0249,249,val,1,4,4.0,1.25,7.234926827301889,0.2497870239666782,1.3257150242206333,0.5156511537620186,3.099295885698802,6.8870948519711,11.5,0.8687813740527028,-0.9510518379322965,0.31011027931352364,-1.183052699902857,1.2080812386538953,0.9720639151831433,0.8139172173470662,4.5,1.0,6.0,2.5,4.0,2.5,2.5,5.0
LIDC-IDRI-0250-S250-N0,LIDC-IDRI-0250,250,val,1,4,4.0,2.5,6.891761532533897,0.6874393818829123,0.32329759887284965,0.8440925372685195,2.709624679708098,6.293717773229288,5.0,0.6316910461741087,0.26716902969627443,-0.3130023115771702,0.3558743469828652,0.46763153094519705,0.4291789194194081,-0.4155626939629973,4.5,1.0,6.0,4.0,4.5,1.5,1.5,5.0
LIDC-IDRI-0250-S250-N1,LIDC-IDRI-0250,250,val,1,4,4.5,2.5,6.922066882029142,0.7696316609412989,0.4063245165252335,0.7830692603681406,2.6487769230866283,6.277524309069907,4.5,0.6526287848028381,0.49595415491212363,-0.2613919579821138,0.06994700643586914,0.35200917314087893,0.414363401536233,-0.5101380717560791,4.5,1.0,6.0,4.5,5.0,1.0,2.0,5.0
LIDC-IDRI-0252-S252-N0,LIDC-IDRI-0252,252,test,1,5,4.0,2.5,7.724539906671384,0.3565172753063336,1.002608659850461,0.623308002626888,3.313710553401554,7.082386953196065,6.4,1.2070513777249654,-0.6539643961822483,0.10926416596297055,-0.6786216360343276,1.6155100545072991,1.1507380759225698,-0.15075163614236814,5.0,1.0,6.0,3.0,4.0,3.0,2.0,5.0
LIDC-IDRI-0254-S254-N2,LIDC-IDRI-0254,254,train,0,4,2.5,2.5,5.511036296922578,0.7536974919674125,0.41035058650517664,0.7790469542608842,2.30312886867536,5.3480131814982474,3.0,-0.3222416615102645,0.45160083017572783,-0.25888931304311624,0.05110030815070015,-0.3047881393734293,-0.43605307498838874,-0.7938642051353245,4.5,1.0,6.0,3.0,5.0,1.0,1.0,5.0
LIDC-IDRI-0255-S255-N0,LIDC-IDRI-0255,255,train,0,4,2.5,2.5,5.104076607741405,1.0797450212056368,0.40521892507731494,0.8888888888888888,1.9955525088184942,4.952545204478951,2.5,-0.6034070579311576,1.359165697066641,-0.26207920456637995,0.5657696907863505,-0.8892419616031244,-0.7978695972646567,-0.8884395829284063,3.5,1.0,6.0,4.0,4.5,1.0,1.0,4.5
LIDC-IDRI-0255-S255-N1,LIDC-IDRI-0255,255,train,0,4,2.5,2.5,4.875288638807518,1.1410381126878253,0.5860145265801758,0.7506172839506173,1.9639302398870222,4.780680675382067,2.0,-0.7614749493998615,1.5297771920911019,-0.14969486963225442,-0.08210820567121213,-0.9493303115438508,-0.9551097022389433,-0.9830149607214882,4.0,1.0,6.0,4.0,5.0,1.0,1.0,5.0
LIDC-IDRI-0256-S256-N0,LIDC-IDRI-0256,256,train,0,3,1.0,2.5,5.235302023035547,0.8416408590309694,0.4402820310887462,1.0378381968737538,2.095914511039697,5.12401841995396,3.0,-0.5127444029003589,0.696394312921797,-0.24028363090715524,1.263678450716669,-0.6985349910410705,-0.6409875079629743,-0.7938642051353245,4.0,1.0,6.0,3.0,5.0,1.0,1.0,5.0
LIDC-IDRI-0257-S257-N0,LIDC-IDRI-0257,257,test,1,3,4.0,2.5,7.036625710215897,0.49428728654452375,0.4784809511880354,0.8163924963924964,2.876859329252951,6.4989061027198085,5.333333333333333,0.7317766198266218,-0.2704766813601813,-0.2165388041808674,0.22608454507409254,0.7854093022317087,0.61690721122068,-0.3525124421009428,4.0,1.0,6.0,3.0,2.0,4.0,2.0,4.0
LIDC-IDRI-0259-S259-N0,LIDC-IDRI-0259,259,train,1,4,3.5,2.5,6.59568853238589,0.5576322261929099,0.5456412205440443,1.1448582803809564,2.708711083135944,6.165159321754484,6.0,0.42713643138257423,-0.09415379415867735,-0.17479131617324375,1.7651259215282844,0.46589552298665343,0.311559859154596,-0.22641193837683365,4.0,1.0,6.0,3.0,5.0,1.5,1.0,5.0
LIDC-IDRI-0260-S260-N0,LIDC-IDRI-0260,260,test,1,4,4.0,2.5,7.381236961672757,0.6191803616022837,0.29704052280535986,0.8744501305060408,2.8429747535281296,6.6571692115689975,5.75,0.9698659483346176,0.07716762468691492,-0.3293239698842883,0.49811623140316974,0.7210221373461514,0.7617032780983023,-0.27369962727337455,5.0,1.0,6.0,4.0,4.5,4.0,2.0,5.0
LIDC-IDRI-0260-S260-N2,LIDC-IDRI-0260,260,test,1,4,3.5,2.5,7.37693624972839,0.6234597075021424,0.3395756683040428,0.7795492224624236,2.8557354651451847,6.652235271917392,5.25,0.9668946187143225,0.08907933584466995,-0.3028837025411688,0.053453708662802094,0.7452699263583806,0.7571891809030751,-0.3682750050664564,5.0,1.0,6.0,5.0,4.5,2.5,1.5,5.0
LIDC-IDRI-0262-S262-N0,LIDC-IDRI-0262,262,val,1,4,4.0,1.25,6.002787895702363,0.4796751288381272,0.6323021705533789,0.6552888764448823,2.4692659465356512,5.813622506162457,6.5,0.01750582918032566,-0.3111501408241401,-0.1209220121050004,-0.528773796593057,0.010904036106851103,-0.01006372470229462,-0.13183656058375184,4.0,1.0,6.0,4.0,3.5,2.5,1.5,5.0
LIDC-IDRI-0263-S263-N0,LIDC-IDRI-0263,263,train,0,4,1.0,2.5,4.785893453258984,1.1505871797505298,0.5473551000132786,0.7298240697325555,1.9391916673838194,4.719883948221342,2.0,-0.8232374124915887,1.5563573590929618,-0.17372595173569078,-0.1795357570054388,-0.9963383236769411,-1.0107330691493805,-0.9830149607214882,4.5,1.0,4.5,4.0,4.0,1.0,1.0,5.0
LIDC-IDRI-0264-S264-N0,LIDC-IDRI-0264,264,train,0,4,2.5,1.25,5.737800367830549,0.8889344675438835,0.30726866297275846,0.9947089947089947,2.295955876161027,5.4438661547856695,7.25,-0.16557206600526378,0.8280377503528262,-0.3229660567449694,1.0615946115446897,-0.31841819499206625,-0.34835649407659774,0.01002650610587086,5.0,1.0,6.0,4.5,5.0,1.0,1.0,5.0
LIDC-IDRI-0264-S264-N1,LIDC-IDRI-0264,264,train,1,4,3.5,1.25,7.527733049205236,0.6960051688294671,0.24627424439507362,0.9163285024154589,2.875897250757772,6.716375856272349,12.5,1.0710789962609497,0.2910122016047659,-0.3608807908953924,0.6943392484995132,0.7835811693607231,0.8158718670284953,1.00306797293323,5.0,1.0,6.0,4.5,4.5,1.5,1.5,5.0
LIDC-IDRI-0265-S265-N0,LIDC-IDRI-0265,265,train,1,4,5.0,2.5,8.519159640476373,0.18253982335634183,0.8862948867841772,0.78814568245543,3.5566589354369023,7.8351269078952255,11.25,1.7560481909196024,-1.138236806986653,0.03696237365677737,0.09373281310898936,2.0771583767358255,1.8394253234727207,0.7666295284505253,5.0,1.0,6.0,3.0,3.0,2.5,4.5,4.5
LIDC-IDRI-0267-S267-N0,LIDC-IDRI-0267,267,test,1,3,5.0,2.5,9.714377612874287,0.2728279294240646,0.8054196675049273,1.3865419349962205,3.626120149752682,8.488966213569316,21.666666666666668,2.581815322044545,-0.8869166600233099,-0.013310462937680605,2.897545682116266,2.209147949089389,2.4376276494602584,2.73694989913973,5.0,1.0,6.0,4.0,4.0,3.0,3.0,5.0
LIDC-IDRI-0270-S270-N0,LIDC-IDRI-0270,270,val,0,4,2.5,2.5,4.913841760692246,1.0426449263897573,0.6115347667987108,0.8046778204743552,2.0356953384242193,4.835033677895918,2.25,-0.7348388866984359,1.2558962667112505,-0.13383123578011236,0.1711948980282246,-0.8129629191919991,-0.9053817457731399,-0.9357272718249473,3.0,1.0,6.0,4.0,3.5,1.0,1.0,4.5
LIDC-IDRI-0271-S271-N0,LIDC-IDRI-0271,271,train,0,4,2.5,2.5,5.1217432689901745,1.046830243932822,0.728198392230929,0.6518518518518519,2.098354818609437,4.976270623800461,2.0,-0.5912012942019823,1.2675462466014296,-0.06131197178133469,-0.5448781317123287,-0.6938979406279161,-0.7761630389406284,-0.9830149607214882,4.5,1.0,6.0,4.5,4.5,1.0,1.0,5.0
LIDC-IDRI-0272-S272-N0,LIDC-IDRI-0272,272,val,0,4,2.0,2.5,4.81392853811387,1.2379100804326515,0.6194630614570847,0.7333333333333334,2.009623600072478,4.722411039335247,2.0,-0.8038681826723468,1.7994237516500846,-0.12890292936703274,-0.16309294272840746,-0.8625042010347873,-1.0084210151489528,-0.9830149607214882,2.5,1.0,6.0,3.0,4.0,2.0,1.0,5.0
LIDC-IDRI-0273-S273-N1,LIDC-IDRI-0273,273,val,0,4,2.5,2.5,4.778798517863344,1.007270176025369,0.4510349296922209,1.1066217732884398,1.8850212606103622,4.755054562020136,2.75,-0.8281392501333201,1.157429393857575,-0.23359952273129087,1.5859670277406297,-1.0992724415825494,-0.978555219334804,-0.8411518940318654,3.5,1.0,6.0,4.5,5.0,1.0,1.0,5.0
LIDC-IDRI-0276-S276-N0,LIDC-IDRI-0276,276,train,1,4,4.0,2.5,6.129398408853265,0.686342354524841,0.5674822591910342,0.7810916179337232,2.558872239232648,5.787728461534858,3.5,0.10498008293934655,0.26411541511888503,-0.16121471042504665,0.060680672824368884,0.1811731045325385,-0.03375437405762124,-0.6992888273422427,4.5,1.0,6.0,3.0,4.0,1.5,2.5,5.0
LIDC-IDRI-0277-S277-N0,LIDC-IDRI-0277,277,train,1,4,3.5,2.5,6.856432606771458,0.7555591422451287,0.38024804564526893,0.7701418365690165,2.6396156652912874,6.241884256229286,4.25,0.6072825563870569,0.456782799781326,-0.2776013503175105,0.009374974012212756,0.3346010337851422,0.3817560585353443,-0.5574257606526201,5.0,1.0,6.0,4.5,4.0,1.5,1.5,5.0
LIDC-IDRI-0281-S281-N0,LIDC-IDRI-0281,281,train,0,4,1.0,2.5,5.451362246395092,0.8890480457242844,0.358622785539202,0.8450491178587038,2.2847552613621915,5.249400065517712,3.0,-0.363470015370962,0.8283538992481057,-0.29104382598946066,0.3603564488637064,-0.3397015021147211,-0.5262749304817924,-0.7938642051353245,5.0,1.0,3.0,3.5,5.0,1.0,1.0,5.0
LIDC-IDRI-0284-S284-N2,LIDC-IDRI-0284,284,train,0,4,1.0,2.5,5.157302917142072,1.021410943218346,0.3476700056681357,0.851948571230992,2.13303776302843,5.008701759368271,3.0,-0.5666334000468325,1.1967907211009192,-0.2978521823391597,0.3926841515727378,-0.6279937227572917,-0.7464915576412899,-0.7938642051353245,4.0,1.0,3.0,3.0,5.0,1.5,1.0,5.0
LIDC-IDRI-0285-S285-N0,LIDC-IDRI-0285,285,train,0,4,2.5,2.5,5.8203402962330975,0.8481430531950517,0.452652201287156,0.8103901043416728,2.3640783378358474,5.512838709176519,3.25,-0.10854584865054438,0.7144934010971058,-0.23259421070437322,0.19796006400411942,-0.18897250832072135,-0.2852530034974095,-0.7465765162387836,4.0,1.0,6.0,4.0,4.5,1.0,1.0,5.0
LIDC-IDRI-0286-S286-N0,LIDC-IDRI-0286,286,train,0,4,1.0,2.5,4.970813203862959,1.2010860289025096,0.2797250010552682,1.148148148148148,1.8830745691650888,4.8324652547120115,2.75,-0.6954777439867487,1.6969226975754834,-0.3400874695476949,1.7805407466442806,-1.1029715270923115,-0.9077316147843786,-0.8411518940318654,5.0,1.0,3.0,5.0,5.0,1.0,1.0,5.0
LIDC-IDRI-0286-S286-N1,LIDC-IDRI-0286,286,train,0,4,2.5,2.5,5.378776083118076,0.9821109122143863,0.252232770792962,1.2839506172839505,2.011975218014704,5.165252521458133,3.5,-0.4136192510692629,1.087397690304917,-0.3571769119246226,2.4168493949508165,-0.8580356778511535,-0.6032621292410997,-0.6992888273422427,3.0,1.0,6.0,4.5,5.0,1.0,1.0,5.0
LIDC-IDRI-0287-S287-N0,LIDC-IDRI-0287,287,train,0,4,2.0,2.5,4.5106455252196085,1.3696423811669547,0.5357778060369806,0.7841269841269841,1.8649417846207306,4.4854551417580915,2.0,-1.0134041411838923,2.1661052850464295,-0.18092251223300201,0.074903019235595,-1.137427280582435,-1.2252136855452076,-0.9830149607214882,3.0,1.0,6.0,4.0,5.0,1.0,1.0,5.0
LIDC-IDRI-0289-S289-N0,LIDC-IDRI-0289,289,train,0,3,2.0,2.5,4.43179702243741,1.4234812799817558,11.390507564321911,0.3246375004915944,2.104414159695911,4.423865103577777,1.0,-1.0678799802689798,2.315967770281542,6.566484917118698,-2.078055863645434,-0.6823840353985576,-1.281562858464907,-1.1721657163076518,3.0,1.0,6.0,4.0,4.0,2.0,1.0,5.0
LIDC-IDRI-0289-S289-N1,LIDC-IDRI-0289,289,train,0,3,2.0,2.5,9.134057620858073,0.5281433061593506,0.5909571680945481,0.6489017083244774,3.554281520197052,7.879099858822485,9.0,2.180876592868425,-0.17623724943755406,-0.14662247475763832,-0.5587011634448134,2.0726408337601425,1.8796564954089248,0.3410403283816572,5.0,1.0,6.0,3.0,5.0,1.0,1.0,5.0
LIDC-IDRI-0292-S292-N0,LIDC-IDRI-0292,292,train,0,3,2.0,1.25,4.827382517719089,0.19094227779023923,0.3390887401562034,1.0329218106995885,1.9710005709002496,5.355788109190867,10.666666666666666,-0.7945729290889973,-1.114848276922727,-0.3031863818962015,1.2406424995963128,-0.9358953323827967,-0.4289397372160218,0.6562915876919297,4.0,1.0,6.0,4.0,4.0,1.0,1.0,5.0
LIDC-IDRI-0294-S294-N1,LIDC-IDRI-0294,294,train,1,4,4.5,2.0,7.746990216696081,0.4127862530841796,0.4736456350516656,0.8108128308938043,2.9970969791505206,7.036156193901119,8.75,1.2225621285085786,-0.4973376999261748,-0.2195444845384925,0.19994076849868267,1.0138837990729253,1.1084412187247688,0.2937526394851163,5.0,1.0,6.0,4.0,5.0,2.5,1.0,5.0
LIDC-IDRI-0296-S296-N0,LIDC-IDRI-0296,296,test,1,4,3.5,3.0,7.736719411959343,0.7303829655986704,0.34948487443738985,0.8262598094008919,2.881803269746712,6.838081167822813,4.75,1.215466106563071,0.3867040187509981,-0.29672404195338764,0.2723182891491798,0.7948037333245256,0.9272209398399962,-0.4628503828595382,5.0,1.0,6.0,5.0,5.0,1.0,1.0,5.0
LIDC-IDRI-0298-S298-N2,LIDC-IDRI-0298,298,test,0,3,2.0,1.0,5.4730033399814255,0.5077436348957016,0.7349195309573063,0.6012321355974607,2.433500866751158,5.4493358650814825,6.666666666666667,-0.348518346154225,-0.23302045824845355,-0.05713404544084259,-0.7820591154784062,-0.057056445615881295,-0.34335221643064007,-0.10031143465272453,4.0,1.0,6.0,3.0,4.0,1.0,1.0,5.0
LIDC-IDRI-0298-S298-N3,LIDC-IDRI-0298,298,test,0,4,2.5,1.0,5.143166020281744,0.5872466647970289,0.4861124042595424,0.7245376845376846,2.247093866081762,5.183185391734078,6.25,-0.5764004760387886,-0.011720953484829046,-0.21179501743554258,-0.20430535537269834,-0.4112653454230747,-0.5868552160781733,-0.17912424948029276,2.0,1.0,6.0,4.0,2.0,1.0,1.0,1.0
LIDC-IDRI-0298-S298-N5,LIDC-IDRI-0298,298,test,0,3,2.0,1.0,3.9890705092976186,1.0238262576386077,0.6794317585647223,0.6823793490460157,1.8640055580715071,4.229059928645476,4.0,-1.373756407055743,1.2035138344931475,-0.09162579383228792,-0.4018401545723474,-1.1392062898191044,-1.4597915268053165,-0.604713449549161,3.0,1.0,6.0,4.0,2.0,1.0,1.0,3.0
LIDC-IDRI-0298-S298-N6,LIDC-IDRI-0298,298,test,0,4,2.5,1.0,5.778262583020428,0.5645598313105197,0.4185721594947962,0.6753654188948307,2.439412152197856,5.627675524385515,7.5,-0.1376170250604956,-0.07487055949922183,-0.2537787019172358,-0.434704243437727,-0.04582387437659225,-0.18018796783669858,0.057314195002411764,1.5,1.0,6.0,4.0,2.0,1.0,1.0,1.0
LIDC-IDRI-0299-S299-N1,LIDC-IDRI-0299,299,val,0,3,2.0,1.25,4.284177095525234,0.23843234565517732,0.666338646430304,0.5711111111111111,1.9898196169628837,4.914341334345433,6.333333333333333,-1.169869480392191,-0.9826579879143044,-0.09976460189627301,-0.9231925462509416,-0.9001355509511495,-0.8328225953136719,-0.16336168651477917,4.0,1.0,6.0,3.0,4.0,1.0,1.0,5.0
LIDC-IDRI-0300-S300-N0,LIDC-IDRI-0300,300,test,0,3,2.0,1.0,3.819201993952481,1.2731980509220306,0.5005863600946893,0.7529411764705882,1.6868372201261217,4.040418092491833,4.0,-1.4911172900280651,1.8976490696424324,-0.20279786326322083,-0.07121950152906847,-1.4758599661239074,-1.6323813117668193,-0.604713449549161,4.0,1.0,6.0,4.0,5.0,1.0,1.0,5.0
LIDC-IDRI-0300-S300-N1,LIDC-IDRI-0300,300,test,0,4,2.5,1.0,6.135045577615372,0.6096276761918484,0.48078566780656323,1.2565059708093764,2.3775838894338572,5.840908115222715,13.0,0.10888166947448534,0.050577385885755215,-0.21510616952475947,2.288256255130776,-0.1633093811010271,0.014900077051723056,1.0976433507263117,4.5,1.0,6.0,4.5,5.0,2.5,1.0,5.0
LIDC-IDRI-0300-S300-N3,LIDC-IDRI-0300,300,test,0,4,2.5,1.0,6.202549138807651,0.6632794237453963,0.3368073858554059,0.8979449375658191,2.4225523543900365,5.860016621857104,10.75,0.15551937351990877,0.19991892894441696,-0.3046044943044294,0.6082022189228841,-0.077860709962349,0.03238258845114924,0.6720541506574436,5.0,1.0,6.0,4.5,5.0,1.0,1.0,5.0
LIDC-IDRI-0304-S304-N0,LIDC-IDRI-0304,304,train,1,3,4.0,2.0,6.823245210032119,0.2211297434909483,0.6273560686072946,0.6820958751393578,2.842277814452805,6.627446524488993,6.666666666666667,0.5843536329372465,-1.0308203949926034,-0.12399655801821094,-0.4031683844603866,0.7196978200071197,0.7345097759769702,-0.10031143465272453,4.0,1.0,6.0,2.0,2.0,3.0,4.0,2.0
LIDC-IDRI-0305-S305-N7,LIDC-IDRI-0305,305,train,1,4,4.0,1.25,6.248570683391554,0.39795147811059595,0.6377738339342994,0.5883295194508008,2.6401405883268594,6.05976850398267,6.75,0.18731531343933974,-0.5386308224525538,-0.1175207720032691,-0.8425149105176643,0.3355984877983805,0.21513703510331034,-0.08454887168721095,4.0,1.0,6.0,3.5,3.0,2.0,1.5,1.0
LIDC-IDRI-0309-S309-N1,LIDC-IDRI-0309,309,val,1,4,4.0,2.0,5.761411892668571,0.5736263914726184,0.5581944721930788,0.6466493506493547,2.463370572969108,5.59949057663546,4.0,-0.14925904061805234,-0.049633467576155915,-0.16698809072909412,-0.5692546878165018,-0.00029829952141870744,-0.20597458108494623,-0.604713449549161,5.0,1.0,6.0,4.0,4.0,1.0,1.0,4.5
LIDC-IDRI-0311-S311-N1,LIDC-IDRI-0311,311,test,1,4,3.5,1.25,6.165373423240932,0.5059641102862573,0.9070927936090386,0.576547987616099,2.6215992137364674,5.902885160972286,6.5,0.1298349505108927,-0.23797382814232387,0.04989055834216071,-0.8977178140025986,0.30036633519149597,0.07160332600523502,-0.13183656058375184,4.5,1.0,6.0,4.0,2.0,2.0,3.0,3.0
LIDC-IDRI-0312-S312-N0,LIDC-IDRI-0312,312,train,1,3,4.0,1.25,5.767221436919153,0.624329226202761,0.443936414950878,1.0248357267807051,2.2775373105974746,5.577071340760966,8.333333333333334,-0.1452452700759967,0.09149967200127207,-0.23801202973696206,1.2027547854681353,-0.3534169869948587,-0.2264861026936978,0.21493982465754824,5.0,1.0,6.0,3.0,4.0,2.0,1.0,5.0
LIDC-IDRI-0312-S312-N1,LIDC-IDRI-0312,312,train,1,3,4.0,1.25,4.692706699830157,0.8782839339164403,0.6810370623462086,0.6017088882511508,2.0421045001985516,4.7466680664642755,3.6666666666666665,-0.8876194413891189,0.7983916120843002,-0.09062792111663598,-0.7798252692267397,-0.80078428784972,-0.9862280849836923,-0.6677637014112154,5.0,1.0,6.0,4.0,4.0,1.0,1.0,5.0
LIDC-IDRI-0312-S312-N2,LIDC-IDRI-0312,312,train,1,3,4.0,1.25,4.774461822928951,0.8797153966591233,0.20941007882084575,0.9458266987220583,1.916080474970689,4.805019551294115,5.0,-0.8311354401314953,0.8023761394216419,-0.38379592100100796,0.8325543894964202,-1.0402540028547096,-0.9328418880280821,-0.4155626939629973,5.0,1.0,6.0,3.0,4.0,1.0,1.0,5.0
LIDC-IDRI-0313-S313-N0,LIDC-IDRI-0313,313,test,1,4,5.0,1.25,8.689289420246022,0.184143652162492,0.4981895225481695,0.618240944236427,3.462431702084353,7.925631599098443,16.5,1.8735895795229274,-1.1337724925955266,-0.2042877611997395,-0.7023635686798994,1.8981086385938726,1.9222287222906176,1.7596709952778844,5.0,1.0,6.0,3.5,1.5,3.0,4.0,4.0
LIDC-IDRI-0314-S314-N0,LIDC-IDRI-0314,314,train,1,4,3.5,1.0,7.696391567318665,0.42382274157676025,0.40905303581824515,0.7655384615384616,3.095000653016744,7.0051530526266905,16.75,1.1876039012227566,-0.46661724259556986,-0.2596958833898611,-0.012194349152384857,1.1999194762884036,1.0800762197680864,1.8069586841744252,5.0,1.0,6.0,2.5,4.0,2.5,2.5,5.0
LIDC-IDRI-0315-S315-N3,LIDC-IDRI-0315,315,val,1,4,3.5,3.0,6.841234374298195,0.5513483893020114,0.6000902731846639,0.6059803731653938,2.8271174585523826,6.337330754053533,3.5,0.5967822115818017,-0.11164507711603314,-0.14094524625813912,-0.7598110323035085,0.6908902485913981,0.4690807520958882,-0.6992888273422427,4.5,1.0,6.0,3.0,3.5,3.0,2.0,4.5
LIDC-IDRI-0315-S315-N4,LIDC-IDRI-0315,315,val,0,4,2.5,3.0,5.750596404414233,0.7828438663970649,0.5189763825605611,0.9909312099093122,2.3006722983021004,5.495148500290345,3.0,-0.15673138031989137,0.5327307976114666,-0.19136644332229968,1.043893628972163,-0.30945609221901216,-0.3014379039937244,-0.7938642051353245,3.0,1.0,6.0,3.0,3.5,1.5,1.5,4.5
LIDC-IDRI-0315-S315-N6,LIDC-IDRI-0315,315,val,0,3,2.0,3.0,5.188158292604091,0.8493672503823048,0.6176773443358279,0.8323199914440792,2.2723149481921303,5.092949994372495,2.6666666666666665,-0.5453156526037146,0.7179009974064334,-0.13001294879994332,0.3007135478578847,-0.36334047289049937,-0.6694122360059634,-0.8569144569973792,3.0,1.0,6.0,4.0,4.0,1.0,2.0,5.0
LIDC-IDRI-0315-S316-N0,LIDC-IDRI-0315,316,val,1,4,3.5,3.0,7.252510390988173,0.45791032935911236,1.0099421530977482,0.44159637544979047,3.043276714261489,6.672478219156839,3.25,0.8809297262993186,-0.37173323246182327,0.11382273793313662,-1.5300397332635858,1.1016341148245015,0.7757096002452497,-0.7465765162387836,5.0,1.0,6.0,3.0,2.5,2.5,3.0,4.5
LIDC-IDRI-0315-S316-N1,LIDC-IDRI-0315,316,val,0,4,2.5,3.0,3.9612932329208355,1.9886650651923077,10.641831894107215,0.7559297483251857,1.618041072025135,3.996249838890163,1.25,-1.3929475189314309,3.8891768910252247,6.101100712088091,-0.05721641212084718,-1.6065857856602759,-1.6727911675372467,-1.124878027411111,3.0,1.0,6.0,4.0,4.5,1.0,1.0,4.5
LIDC-IDRI-0318-S319-N0,LIDC-IDRI-0318,319,train,0,3,1.0,0.75,5.600495771066242,0.47543964690798385,0.622436878017336,0.6487329434697751,2.4360209392218257,5.55911184268339,9.333333333333334,-0.260434781910427,-0.3229397550657522,-0.12705437556615587,-0.5594919188505186,-0.05226782665809461,-0.24291737782558734,0.40409058024371186,4.0,1.0,6.0,4.0,4.0,2.0,2.0,5.0
LIDC-IDRI-0321-S322-N1,LIDC-IDRI-0321,322,train,0,3,1.0,1.25,3.841135564936548,1.178258848270537,1.1314659733962296,0.39041423731407426,1.8469433943602385,4.081918324727664,2.0,-1.4759635503712718,1.6333824303017073,0.18936314715422545,-1.7698559703454633,-1.171627659267655,-1.5944124481071116,-0.9830149607214882,4.0,1.0,3.0,3.0,5.0,1.0,1.0,5.0
LIDC-IDRI-0321-S322-N2,LIDC-IDRI-0321,322,train,0,4,1.0,1.25,5.791684136813528,0.6593386395532586,0.5625449155333678,0.867974509742899,2.3008512862254205,5.57762671929946,7.5,-0.12834417422749536,0.1889496163134044,-0.16428381209951012,0.4677744156691716,-0.30911598098300547,-0.22597798283818027,0.057314195002411764,4.5,1.0,3.0,3.5,5.0,1.0,2.0,5.0
LIDC-IDRI-0325-S326-N0,LIDC-IDRI-0325,326,train,1,4,4.5,1.0,8.007411456202703,0.13660050210250183,0.6130704946526355,0.6834807596285759,3.4364513730027095,7.691707740959627,21.75,1.4024852093169644,-1.2661105377774102,-0.13287661214951252,-0.39667944517229553,1.8487410518208907,1.7082100867814685,2.7527124621052432,4.5,1.0,6.0,2.0,2.5,3.0,4.0,5.0
LIDC-IDRI-0326-S327-N0,LIDC-IDRI-0326,327,test,1,4,3.5,1.25,4.509554783826911,1.0170054708638077,0.7525542771799193,0.5684149184149184,1.945228178256682,4.578301397987368,3.0,-1.0141577262298398,1.184527932481175,-0.046172112686471464,-0.9358256798088648,-0.9848678002133775,-1.1402679718911057,-0.7938642051353245,3.5,1.0,6.0,4.5,4.0,2.0,2.0,4.5
LIDC-IDRI-0332-S333-N0,LIDC-IDRI-0332,333,test,1,4,5.0,2.5,9.023008307821193,0.07222888088576346,0.6903255884780061,0.6367778945797261,3.6835122093877137,8.50668192124992,12.5,2.1041534555348353,-1.4452912295545168,-0.08485408135967829,-0.6155078443935108,2.3182038226777832,2.453835878988653,1.00306797293323,5.0,1.0,6.0,3.5,3.0,3.0,2.0,4.0
LIDC-IDRI-0334-S336-N2,LIDC-IDRI-0334,336,train,1,3,4.0,3.0,6.347279746572326,0.6374873994127694,0.5512515056179345,0.7261904761904763,2.780932879971605,5.9601217129825255,3.3333333333333335,0.25551266471852563,0.12812591402730394,-0.17130390745544916,-0.19656112487959523,0.6031307293222169,0.12396946283258983,-0.7308139532732699,3.0,1.0,6.0,4.0,3.0,3.0,4.0,4.0
LIDC-IDRI-0337-S339-N0,LIDC-IDRI-0337,339,train,1,4,5.0,3.0,7.427165517950746,0.30662124085479525,0.6894972198174592,0.7484608915054668,3.009253604932078,6.916968157330361,5.75,1.0015976433310503,-0.7928517785562104,-0.08536900351609128,-0.09221208059133622,1.0369837096341712,0.9993952190612759,-0.27369962727337455,5.0,1.0,6.0,3.5,4.5,3.0,1.5,4.5
LIDC-IDRI-0337-S339-N1,LIDC-IDRI-0337,339,train,1,4,5.0,3.0,8.715599574341725,0.19713342489430827,0.6623835918418469,0.9790578234403611,3.6003190918805776,7.966519100739467,10.75,1.8917670676203298,-1.0976149992759545,-0.10222310296519908,0.9882603364189603,2.1601210118503293,1.9596369942822556,0.6720541506574436,5.0,1.0,6.0,4.0,3.5,4.0,2.0,5.0
LIDC-IDRI-0341-S343-N1,LIDC-IDRI-0341,343,train,0,4,2.5,1.25,4.529054978816485,0.8191354730668787,0.6560867292714982,1.0448783249777458,1.7416835322861814,4.66171147745042,5.5,-1.000685187793515,0.6337497725244209,-0.10613729504873284,1.2966652912819632,-1.3716414989046868,-1.063955484843296,-0.3209873161699155,3.0,1.0,6.0,3.5,4.5,1.0,1.5,5.0
LIDC-IDRI-0343-S345-N0,LIDC-IDRI-0343,345,val,0,4,2.5,2.5,5.704419363272413,0.5638387456891027,0.9059804179490168,2.1056980229588076,1.9946542168425216,5.570768880666775,6.5,-0.18863475164471963,-0.0768777269129643,0.04919909462451891,6.267184254705726,-0.8909488879061724,-0.23225226917385727,-0.13183656058375184,3.0,1.0,6.0,5.0,5.0,1.0,1.0,5.0
LIDC-IDRI-0344-S346-N1,LIDC-IDRI-0344,346,val,0,4,2.5,0.75,6.4465034749209655,0.23353553937698143,0.8464684896174884,0.5231519742883295,2.934587025221144,6.422070242853793,15.0,0.3240655943013971,-0.9962884219447193,0.012205891080901015,-1.1479072640307453,0.8951029489502825,0.5466095253944723,1.4759448618986388,4.5,1.0,6.0,2.0,2.0,3.0,2.0,5.0
LIDC-IDRI-0345-S347-N1,LIDC-IDRI-0345,347,test,0,3,2.0,1.0,4.474239575063626,0.8061713978599173,0.36214560353882475,0.8126984126984128,1.9095889183360475,4.64626276311139,5.0,-1.0385567390450754,0.5976638091771165,-0.2888540074612964,0.20877574784034714,-1.0525892001666954,-1.0780896257108246,-0.4155626939629973,3.0,1.0,6.0,4.0,3.0,2.0,1.0,5.0
LIDC-IDRI-0346-S348-N0,LIDC-IDRI-0346,348,train,0,4,1.0,3.0,5.191694187399076,1.0611326331703845,0.2610442716843603,1.14964430894309,1.9378494222658373,5.001070971281473,2.5,-0.5428727294146025,1.3073574545407678,-0.3516995957774398,1.7875510761260434,-0.9988888457324686,-0.7534730210422002,-0.8884395829284063,4.5,1.0,3.0,5.0,5.0,1.0,1.0,5.0
LIDC-IDRI-0346-S348-N4,LIDC-IDRI-0346,348,train,0,4,1.0,3.0,5.401463239695276,0.9377658293494076,0.2996175467172758,1.1646128261981916,1.9938217017092967,5.1958450805251735,2.75,-0.39794486477924534,0.9639615786384628,-0.32772206632002804,1.8576867448098144,-0.8925308256464584,-0.5752727749257497,-0.8411518940318654,4.5,1.0,3.0,5.0,5.0,1.0,1.0,5.0
LIDC-IDRI-0347-S349-N2,LIDC-IDRI-0347,349,train,0,4,2.5,3.0,5.309165848716146,0.8938483477371824,0.23483765032664425,1.2314363143631435,2.0274923841161634,5.1552777575309685,3.0,-0.4617124398318892,0.8417157102317699,-0.36798989093769435,2.1707912391533446,-0.8285500989126704,-0.612388113149722,-0.7938642051353245,3.5,1.0,6.0,5.0,5.0,1.0,1.0,5.0
LIDC-IDRI-0347-S349-N3,LIDC-IDRI-0347,349,train,1,4,4.5,3.0,7.818185341889094,0.2778928330468153,1.20243987594334,0.42147881815422505,3.402419456854727,7.4003279161862725,4.25,1.2717503064296034,-0.8728183210696708,0.23348122729076137,-1.6243014633442776,1.7840739119934184,1.441624570412796,-0.5574257606526201,5.0,1.0,6.0,3.5,2.5,2.0,4.0,5.0
LIDC-IDRI-0348-S350-N1,LIDC-IDRI-0348,350,val,1,4,4.0,2.5,7.724948292122812,0.41381037986032726,0.21118448575351279,0.9866801120177562,2.8482952337499094,7.017186128074543,8.25,1.2073335281698268,-0.49448700670532614,-0.38269293209324334,1.0239749163713652,0.7311320658307847,1.0910853678251422,0.19917726169203448,5.0,1.0,6.0,5.0,5.0,3.0,3.0,5.0
LIDC-IDRI-0351-S353-N1,LIDC-IDRI-0351,353,test,0,3,1.0,3.0,5.181179402672446,0.7957084770736085,0.36502556899934546,1.444514106583072,1.9197301363782313,5.105087030420945,3.0,-0.5501373153048948,0.5685398979090188,-0.28706379243270375,3.1691769298878794,-1.0333189491968962,-0.6583079736409289,-0.7938642051353245,5.0,1.0,3.0,5.0,5.0,1.0,1.0,5.0
LIDC-IDRI-0353-S355-N0,LIDC-IDRI-0353,355,train,0,3,1.0,1.25,4.175832289054308,1.190541214810356,0.8692471811297343,0.5481481481481482,1.8495332782188931,4.293484094165913,2.6666666666666665,-1.2447240944273934,1.6675708333847186,0.026365351128566247,-1.0307865540555012,-1.1667063853406663,-1.4008493902135146,-0.8569144569973792,5.0,1.0,3.0,4.0,5.0,1.0,1.0,5.0
LIDC-IDRI-0353-S355-N1,LIDC-IDRI-0353,355,train,0,4,2.5,1.25,5.054066187166743,0.895045480685383,0.7187967708992778,0.6296296296296295,2.152010550180366,4.975912459450314,4.25,-0.6379588823497929,0.8450479722713655,-0.06715611263364066,-0.6490013650715806,-0.5919418038957134,-0.7764907261039481,-0.5574257606526201,5.0,1.0,6.0,4.0,4.5,1.0,1.0,5.0
LIDC-IDRI-0353-S355-N2,LIDC-IDRI-0353,355,train,1,3,4.0,1.25,6.114482878096817,0.29126058310651565,1.3115158811630423,0.29002023204921756,2.9075379565096173,6.0441050426818,4.333333333333333,0.09467505462953352,-0.8356087144460342,0.30128395148310566,-2.240256650058279,0.8437045527810769,0.20080642068187268,-0.5416631976871065,5.0,1.0,6.0,3.0,2.0,3.0,2.0,4.0
LIDC-IDRI-0354-S356-N0,LIDC-IDRI-0354,356,test,0,3,1.0,3.0,5.90485811357216,0.8856011693233148,0.45337627625301774,0.8923899230021677,2.265263851652222,5.548847062819196,2.6666666666666665,-0.05015312266684911,0.8187593964793091,-0.23214411854060157,0.582173945425254,-0.3767389028789994,-0.2523086994197828,-0.8569144569973792,5.0,1.0,3.0,4.0,5.0,1.0,1.0,5.0
LIDC-IDRI-0356-S359-N2,LIDC-IDRI-0356,359,train,0,4,2.5,2.0,4.233722971054282,0.7926174189127468,0.625401598530793,0.7480519480519529,1.7972750859974505,4.474366066757448,2.5,-1.2047278565043,0.5599358278371834,-0.12521147595797513,-0.09412820375017988,-1.266006930417829,-1.2353591607420467,-0.8884395829284063,3.0,1.0,6.0,4.5,5.0,1.0,1.0,5.0
LIDC-IDRI-0358-S361-N5,LIDC-IDRI-0358,361,test,0,4,2.0,2.0,4.644895338963152,0.16646330628244554,1.0512916475059888,0.5398176291793313,2.2243168800652486,5.288638822456855,4.25,-0.9206519519521226,-1.1829863627104131,0.13952599282597722,-1.0698195797322216,-0.454545968623175,-0.49037510698363873,-0.5574257606526201,3.5,1.0,6.0,2.5,4.0,2.5,1.0,5.0
LIDC-IDRI-0359-S362-N0,LIDC-IDRI-0359,362,train,0,4,2.5,3.0,5.6467774506687345,0.8024509734681311,0.5020469579841779,0.9648997006256393,2.244516176327533,5.406646906907348,2.75,-0.22845911665807248,0.5873078758694847,-0.20188994116195352,0.9219218077594808,-0.41616344822292084,-0.38240865407845714,-0.8411518940318654,2.5,1.0,6.0,3.5,4.0,4.5,4.5,5.0
LIDC-IDRI-0359-S362-N1,LIDC-IDRI-0359,362,train,0,4,1.0,3.0,6.311682713874734,0.6646629052077752,0.12429197643900596,1.0232014158801677,2.481784056969001,5.909554305969103,4.0,0.23091894186119782,0.20376989868549583,-0.43670617571694753,1.195097147380615,0.03469083653998356,0.07770497516401635,-0.604713449549161,5.0,1.0,3.0,4.5,5.0,4.5,5.0,5.0
LIDC-IDRI-0360-S363-N0,LIDC-IDRI-0360,363,test,0,3,2.0,3.0,5.171119344844542,0.05032005129040692,0.8271180574477329,1.9017142857142855,1.824855595842279,6.017894029839026,12.333333333333334,-0.5570877337920201,-1.5062752341317072,0.00017747096443336443,5.311409172348565,-1.2135986946049233,0.17682577480609216,0.9715428470022027,3.0,1.0,6.0,5.0,4.0,1.0,1.0,3.0
LIDC-IDRI-0360-S363-N3,LIDC-IDRI-0360,363,test,1,4,3.5,3.0,6.247371587181837,0.05564948233585338,0.5084134791355166,0.6559413919413919,2.6598157880983564,6.706831273446708,9.0,0.1864868668631437,-1.4914405737106773,-0.19793244861517867,-0.5257164055439453,0.3729851247783342,0.8071394589316881,0.3410403283816572,4.5,1.0,6.0,3.5,4.0,1.0,2.0,4.5
LIDC-IDRI-0362-S365-N1,LIDC-IDRI-0362,365,train,1,4,5.0,2.0,6.977476583827547,0.44903996365186066,0.39072390488559505,0.7385855944208352,2.7997822628323887,6.4990309255019145,6.25,0.6909109321159013,-0.3964242101581873,-0.27108945255118716,-0.13848323441891272,0.6389481564638305,0.6170214124899278,-0.17912424948029276,5.0,1.0,6.0,4.0,3.5,4.0,1.5,4.5
LIDC-IDRI-0363-S366-N0,LIDC-IDRI-0363,366,train,0,4,2.0,1.25,5.520735862592722,0.7966797633101272,0.5304374695089785,0.683068783068783,2.349403844137209,5.328881008986326,5.75,-0.3155403043506801,0.5712435076128515,-0.18424211826343095,-0.3986097800886189,-0.2168568487669309,-0.4535572384709231,-0.27369962727337455,4.0,1.0,4.5,2.5,4.5,3.0,1.0,5.0
LIDC-IDRI-0365-S368-N0,LIDC-IDRI-0365,368,train,1,4,3.5,3.0,7.1463969132980605,0.46454443326414036,0.6484948598297509,0.7055855840376293,2.9330964669844497,6.602534954261762,3.75,0.8076167205803226,-0.35326696884199343,-0.11085647621810432,-0.2931062846083844,0.8922706036455352,0.7117179995808306,-0.6520011384457018,4.5,1.0,6.0,4.0,2.0,2.5,1.5,4.0
LIDC-IDRI-0365-S369-N0,LIDC-IDRI-0365,369,train,1,4,3.5,3.0,6.75625627934216,0.682579312124898,0.449888611549555,0.8730917116010278,2.634557150287965,6.204292897911616,3.75,0.5380714832453418,0.25364085307331924,-0.23431208543201779,0.4917512978140869,0.32498888924362496,0.3473634519919402,-0.6520011384457018,5.0,1.0,6.0,5.0,4.0,1.5,1.5,5.0
LIDC-IDRI-0366-S370-N0,LIDC-IDRI-0366,370,train,1,7,4.0,3.0,7.5160338947003,0.44264195069214346,0.4809387920207757,0.7330582255154835,2.981296521413691,6.883507282242329,4.714285714285714,1.062996138175452,-0.41423330625444854,-0.21501098599798377,-0.16438197292666973,0.9838599119264411,0.9687816216015714,-0.46960576698761547,5.0,1.0,6.0,3.0,3.0,3.0,4.0,5.0
LIDC-IDRI-0368-S372-N0,LIDC-IDRI-0368,372,val,1,4,3.5,3.0,8.292212590634307,0.4679020540482618,0.4776294014767011,1.1625104587289463,3.0058184969930903,7.360685191815009,8.5,1.599252176641664,-0.34392091224978144,-0.217068135907835,1.847836006372494,1.0304563485403369,1.40535515417921,0.2464649505885754,5.0,1.0,6.0,3.5,5.0,1.0,1.0,5.0
LIDC-IDRI-0368-S372-N3,LIDC-IDRI-0368,372,val,0,4,1.0,3.0,6.274552601009311,0.7477205943699794,0.42755135212365497,1.0657204058093845,2.3809417612309765,5.858497619900374,3.75,0.2052660254164156,0.43496392363296515,-0.24819714692667522,1.3943218093575926,-0.15692878342669056,0.030992842536809243,-0.6520011384457018,5.0,1.0,3.0,5.0,5.0,1.0,1.0,5.0
LIDC-IDRI-0368-S372-N4,LIDC-IDRI-0368,372,val,1,4,3.5,3.0,8.310432006217868,0.45365145758817965,0.6310808892641948,0.9907884722516465,3.211723421335871,7.380953868017864,8.25,1.6118398341942242,-0.3835879531552223,-0.12168117263939135,1.0432248251824403,1.421715026886283,1.4238991131367331,0.19917726169203448,5.0,1.0,6.0,3.0,5.0,1.5,1.5,5.0
LIDC-IDRI-0369-S373-N0,LIDC-IDRI-0369,373,train,0,4,2.5,1.25,4.492741033059526,0.6522968846931656,0.9651321138740125,0.5933917432298654,2.1888424534987037,4.732337577843993,3.75,-1.0257742205055893,0.1693486417953326,0.08596837413960197,-0.8187956306637709,-0.5219541537251519,-0.9993391530256368,-0.6520011384457018,3.0,1.0,6.0,2.0,4.0,2.5,2.0,5.0
LIDC-IDRI-0371-S375-N0,LIDC-IDRI-0371,375,train,0,3,2.0,1.25,4.546258167467115,0.18278232384014145,0.8339279710228077,0.5914529914529915,2.0189188068048747,5.174169861861493,8.0,-0.9887996338056251,-1.137561798285269,0.004410580629336027,-0.8278797403297808,-0.8448415331181351,-0.5951035897886374,0.1518895727954936,4.0,1.0,6.0,3.0,4.0,1.0,1.0,4.0
LIDC-IDRI-0375-S379-N0,LIDC-IDRI-0375,379,train,0,4,1.0,1.25,4.628428560875992,0.23107177991726535,0.5244160386278766,0.6787878787878788,2.0121064918795946,5.159268039873812,7.75,-0.9320287254059422,-1.003146383823261,-0.1879850992834296,-0.41866815188293327,-0.8577862324382168,-0.6087373748748566,0.10460188389895267,4.5,1.0,3.0,4.5,5.0,1.0,1.0,5.0
LIDC-IDRI-0375-S379-N1,LIDC-IDRI-0375,379,train,1,4,4.0,1.25,5.788865038136376,0.09708480035827641,0.8386908316500394,0.6011208576998051,2.546726073035404,6.224531703399151,12.5,-0.1302918683558886,-1.376103895731661,0.007371221925506617,-0.7825805131311458,0.15809306917897656,0.36588008201523176,1.00306797293323,4.0,1.0,6.0,4.5,2.5,1.5,3.5,4.0
LIDC-IDRI-0376-S380-N0,LIDC-IDRI-0376,380,val,0,4,2.0,1.25,5.018428789851746,0.1464916303781466,0.4766575434285908,1.0993265993265995,2.0895710038093176,5.56380589607831,13.5,-0.662580492818488,-1.2385782312518558,-0.21767225248743843,1.5517851582035034,-0.7105888662116532,-0.2386227543075725,1.1922187285193935,3.0,1.0,6.0,3.5,5.0,1.0,1.0,5.0
LIDC-IDRI-0377-S381-N0,LIDC-IDRI-0377,381,test,1,4,5.0,2.5,7.3552827126141676,0.09244261685987352,0.5567711845380652,0.6397763920781347,3.0274691392121396,7.277602880373106,10.25,0.9519343523575129,-1.3890255782196546,-0.16787282041941312,-0.6014582479295838,1.0715967034250216,1.3293425444727192,0.5774787728643618,5.0,1.0,6.0,3.0,3.5,3.5,1.5,5.0
LIDC-IDRI-0379-S383-N2,LIDC-IDRI-0379,383,train,0,4,1.0,3.0,4.8781685745049845,1.1524194582940224,0.3903009159268416,1.1182385575589402,1.7976005364283687,4.778607459892096,2.25,-0.7594852234305056,1.5614575714341414,-0.2713523866735819,1.6403979990172923,-1.2653885124471338,-0.9570065021370396,-0.9357272718249473,4.0,1.0,3.0,4.5,5.0,1.0,1.0,5.0
LIDC-IDRI-0380-S384-N0,LIDC-IDRI-0380,384,train,0,4,2.5,2.0,4.255446472597325,0.9142011297520846,0.26310759133170664,1.0645714285714352,1.6944869473234627,4.438280719363104,3.0,-1.1897192522484605,0.8983684011549956,-0.35041701586733137,1.3889382242293764,-1.4613240235645344,-1.268373906961854,-0.7938642051353245,3.0,1.0,6.0,4.5,4.5,1.5,1.0,4.5
LIDC-IDRI-0380-S384-N1,LIDC-IDRI-0380,384,train,0,4,2.0,2.0,3.7804985261765203,1.1825906627641694,9.535481300676157,0.7757142857142907,1.6651483251158272,4.0370681555577885,2.0,-1.5178572255779144,1.6454401896519926,5.413382235459349,0.035484938035330385,-1.5170730086171735,-1.6354461933798798,-0.9830149607214882,2.0,1.0,6.0,3.0,3.0,1.0,1.0,1.5
LIDC-IDRI-0385-S389-N0,LIDC-IDRI-0385,389,train,1,4,4.0,1.25,5.872088200717368,0.12833164663216656,0.19845854539643715,0.9180435329563182,2.3887719748870646,6.1742926539373215,15.75,-0.07279360963260804,-1.2891271903857235,-0.39060350254713055,0.7023751021345993,-0.14204988212782105,0.31991601105365886,1.6178079285882616,3.0,1.0,6.0,4.0,4.0,1.0,1.0,2.0
LIDC-IDRI-0386-S390-N3,LIDC-IDRI-0386,390,train,0,4,1.0,1.25,4.931386070342539,0.22141394069064524,0.5717992806906498,0.7081334942335132,2.0775339986240646,5.367940510970141,9.25,-0.7227176547708198,-1.0300293220029801,-0.15853120714234684,-0.28116793545268454,-0.7334614747957251,-0.4178214166323393,0.3883280172781981,4.5,1.0,3.0,3.5,5.0,1.0,1.0,5.0
LIDC-IDRI-0387-S391-N0,LIDC-IDRI-0387,391,train,1,4,3.5,3.0,6.500976068722234,0.35155240012656314,10.574706212196446,0.5915244487056568,2.815464232457786,6.26252347082862,3.25,0.36170030072901443,-0.6677843024155083,6.059374723978685,-0.8275449241210292,0.6687468935706697,0.40063902576098187,-0.7465765162387836,5.0,1.0,6.0,2.0,2.5,1.5,2.0,4.5
LIDC-IDRI-0390-S394-N0,LIDC-IDRI-0390,394,val,0,4,1.0,3.0,5.957580001931577,0.7589091554441294,0.31391394276829315,1.0335403726708075,2.299155362289022,5.637987825865598,3.25,-0.013727965495976765,0.466107680390412,-0.3188352850665416,1.2435407998577501,-0.3123385603363084,-0.17075316837123938,-0.7465765162387836,4.0,1.0,3.0,3.5,4.5,1.0,1.0,5.0
LIDC-IDRI-0390-S394-N1,LIDC-IDRI-0390,394,val,0,4,1.0,3.0,6.064435372119479,0.7418528266337687,0.3389197746567455,0.7962617541295695,2.434236636629862,5.7168246675885195,3.0,0.06009760818438728,0.41863078393120745,-0.3032914125226412,0.13176103622889657,-0.05565834233482882,-0.09862476972206077,-0.7938642051353245,4.0,1.0,3.0,3.0,5.0,1.0,1.0,5.0
LIDC-IDRI-0390-S394-N2,LIDC-IDRI-0390,394,val,0,4,1.0,3.0,5.48673213456056,0.8596309297635076,0.3122764245447782,1.007985803016859,2.1561026569593453,5.286780794988117,2.75,-0.33903322496693983,0.7464703131536676,-0.31985318259813234,1.1238037009814505,-0.5841660195374502,-0.49207502979938594,-0.8411518940318654,4.0,1.0,3.0,3.5,5.0,1.0,1.0,5.0
LIDC-IDRI-0390-S394-N4,LIDC-IDRI-0390,394,val,0,4,1.0,3.0,5.772723589534434,0.8052700594232647,0.5349694341902177,0.8986690328305236,2.3052495567645477,5.494115921109537,2.75,-0.14144387410885195,0.595154901656193,-0.1814250041720909,0.6115950002328361,-0.3007584270117269,-0.30238261818016904,-0.8411518940318654,4.0,1.0,3.0,3.5,5.0,1.0,1.0,5.0
LIDC-IDRI-0390-S394-N5,LIDC-IDRI-0390,394,val,0,4,1.0,3.0,6.91424153334225,0.6303917834077055,0.5352293629780104,0.6939147808713026,2.7976162906253115,6.337860936394143,3.5,0.6472223100974226,0.10837501510103197,-0.18126342986550661,-0.3477903638793636,0.6348323956301347,0.46956581976710016,-0.6992888273422427,5.0,1.0,3.0,4.0,4.5,2.0,1.0,5.0
LIDC-IDRI-0390-S394-N6,LIDC-IDRI-0390,394,val,0,3,1.0,3.0,5.097111355473547,0.9814353404643034,0.38147387210112443,1.2720496894409938,1.8892703244673474,4.982563823659951,2.6666666666666665,-0.6082192984727307,1.0855172123670171,-0.2768393644625405,2.361087056036546,-1.091198408801653,-0.7704053447164027,-0.8569144569973792,4.0,1.0,3.0,5.0,5.0,1.0,1.0,5.0
LIDC-IDRI-0390-S394-N7,LIDC-IDRI-0390,394,val,0,3,1.0,3.0,4.954382501049476,0.9534709207979054,0.4800692121232993,1.2286843591191416,1.8581438870049989,4.894018393359129,2.6666666666666665,-0.706829593304606,1.0076772579545035,-0.2155515254670727,2.1578968276404007,-1.150344584261071,-0.8514162015153988,-0.8569144569973792,3.0,1.0,3.0,4.0,5.0,1.0,1.0,5.0
LIDC-IDRI-0395-S399-N0,LIDC-IDRI-0395,399,train,1,3,4.0,3.0,7.7832420436732495,0.40429448352830616,0.5727488650306234,0.6190785610135692,3.114645627517277,7.104139780869762,4.666666666666667,1.247608243821684,-0.5209748418013205,-0.15794093612012783,-0.6984388771580592,1.2372486794813427,1.1706398958319677,-0.47861294582505176,5.0,1.0,6.0,4.0,4.0,4.0,2.0,5.0
LIDC-IDRI-0398-S402-N10,LIDC-IDRI-0398,402,test,1,4,3.5,2.0,6.655607809901662,0.1385576055353711,0.5672510342072881,0.7773482726423904,2.7050956389950005,6.671042391739371,10.75,0.46853421072989276,-1.2606628709274463,-0.16135844216300077,0.04314105813525241,0.45902548866992077,0.7743959513205175,0.6720541506574436,4.0,1.0,6.0,3.0,3.0,1.0,2.0,5.0
LIDC-IDRI-0399-S403-N0,LIDC-IDRI-0399,403,val,0,3,2.0,1.25,4.690122614914206,1.0130420654976888,0.38433074068080353,0.7748074758384037,1.9285291050247682,4.700036813717574,4.666666666666667,-0.8894047662728691,1.1734956530097111,-0.2750635066836312,0.031236039100954956,-1.0165992284110046,-1.0288913565470783,-0.47861294582505176,4.0,1.0,6.0,4.0,5.0,2.0,1.0,5.0
LIDC-IDRI-0400-S404-N2,LIDC-IDRI-0400,404,train,1,4,3.5,2.0,4.815785636168728,0.7518659855114925,0.8033594728867384,0.6476555023923487,1.9703285995717597,4.873936509175865,3.0,-0.802585127557386,0.4465027669677027,-0.014591100298741444,-0.5645403180436255,-0.9371722062346995,-0.8697892630985596,-0.7938642051353245,4.5,1.0,6.0,4.0,3.5,2.5,2.0,5.0
LIDC-IDRI-0402-S406-N5,LIDC-IDRI-0402,406,test,0,3,2.0,1.25,4.54681907987139,1.0835495842659253,0.7209146423958572,0.5677827115926367,2.0509674317208026,4.585602051812358,3.3333333333333335,-0.9884121036332322,1.3697558333435702,-0.06583962275423809,-0.9387879136408135,-0.7839430253848472,-1.1335885507222665,-0.7308139532732699,2.0,1.0,6.0,4.0,1.0,1.0,1.0,1.0
LIDC-IDRI-0402-S406-N9,LIDC-IDRI-0402,406,test,1,3,4.0,1.25,8.698031394610089,0.2533503309782801,0.5979004028779722,0.647210295981809,3.438865465215616,7.830716175157145,18.333333333333332,1.8796293440325764,-0.9411332464274577,-0.1423064913103626,-0.5666263529376202,1.853328288049659,1.8353899120798416,2.106447380519184,5.0,1.0,6.0,3.0,1.0,1.0,4.0,3.0
LIDC-IDRI-0403-S407-N0,LIDC-IDRI-0403,407,train,0,4,1.0,1.25,5.118732454408806,0.10736574976561213,0.23261563061001608,0.8793054714314557,2.028974335592531,5.737851039168331,13.25,-0.5932814434104298,-1.3474865082538876,-0.36937112038126474,0.5208661522328759,-0.8257341080961947,-0.07938758976519998,1.1449310396228527,5.0,1.0,3.0,5.0,5.0,1.0,1.0,5.0
LIDC-IDRI-0404-S408-N0,LIDC-IDRI-0404,408,train,1,3,4.0,2.0,8.166046451378259,0.04234016631861165,0.6776699954574437,0.49889004750318616,3.6025639313259052,8.079116730025266,18.666666666666668,1.512084937473099,-1.5284875271036948,-0.0927209232130757,-1.2615876259285,2.1643866354981425,2.0626533824909834,2.169497632381239,5.0,1.0,6.0,3.0,2.0,3.0,3.0,5.0
LIDC-IDRI-0404-S408-N3,LIDC-IDRI-0404,408,train,1,4,4.5,2.0,7.605844971665937,0.12450978940934676,0.33466155672267456,0.7170337097344396,2.944355670268914,7.341671783777082,14.5,1.1250459375274195,-1.299765465577713,-0.3059383629271153,-0.23946557075290847,0.9136652400796506,1.3879596491758637,1.381369484105557,5.0,1.0,6.0,4.0,5.0,1.0,1.5,5.0
LIDC-IDRI-0407-S411-N1,LIDC-IDRI-0407,411,train,1,4,4.5,2.0,6.89662202333114,0.46706232576949563,0.36543740061742286,0.9805283821038049,2.7028061808605894,6.42188174299866,7.75,0.6350491228046388,-0.3462583257100936,-0.28680779382367927,0.9951507059486606,0.4546750809919246,0.5464370655089771,0.10460188389895267,5.0,1.0,6.0,4.0,5.0,3.5,4.0,5.0
LIDC-IDRI-0407-S411-N2,LIDC-IDRI-0407,411,train,0,3,1.0,2.0,4.710671072652833,0.8527023652556355,0.29985426895117445,1.03130124777181,1.9349594105326415,4.771452513572883,3.6666666666666665,-0.8752079909668344,0.7271844079973745,-0.3275749174369818,1.233049278260703,-1.0043804199371342,-0.9635526144513744,-0.6677637014112154,5.0,1.0,3.0,5.0,5.0,5.0,5.0,5.0
LIDC-IDRI-0409-S413-N0,LIDC-IDRI-0409,413,val,0,3,1.0,2.0,5.450433308086313,0.17434049963438591,0.19492530843995415,1.1411518758223629,2.1313910997221086,5.794577772859441,8.666666666666666,-0.36411181188000685,-1.1610599155061334,-0.3927997976019786,1.7477593943232643,-0.631122697506043,-0.027487889418013833,0.27799007651960256,5.0,1.0,6.0,5.0,5.0,1.0,1.0,5.0
LIDC-IDRI-0411-S415-N2,LIDC-IDRI-0411,415,train,0,3,2.0,1.25,4.4986043600321395,0.15061818081794368,0.489966433727691,0.7726177439242842,2.116561227160214,5.209447920849784,9.666666666666666,-1.0217232918843369,-1.227091831678876,-0.20939931458108155,0.02097595058199191,-0.6593022874654664,-0.5628274375904089,0.4671408321057662,3.0,1.0,6.0,2.0,4.0,1.0,1.0,5.0
LIDC-IDRI-0412-S416-N2,LIDC-IDRI-0412,416,test,0,4,2.0,1.0,3.8328688560786346,1.373063465085518,0.4792742138098305,0.7499441774671133,1.7593379425026499,4.040665075834591,4.0,-1.4816749575079542,2.1756279935252447,-0.2160457042855299,-0.08526207672680039,-1.3380947479937013,-1.632155344914053,-0.604713449549161,4.5,1.0,6.0,4.0,4.5,1.0,1.0,5.0
LIDC-IDRI-0413-S417-N0,LIDC-IDRI-0413,417,test,0,3,2.0,2.0,4.627825723720513,0.9060079493332057,0.8423769524493828,0.5614035087719329,2.121089323446631,4.690522259079879,2.3333333333333335,-0.9324452210744407,0.8755623927376153,0.009662551089919381,-0.9686779587183896,-0.6506980397812429,-1.037596291636805,-0.9199647088594335,3.0,1.0,6.0,3.0,2.0,1.0,1.0,1.0
LIDC-IDRI-0413-S417-N1,LIDC-IDRI-0413,417,test,0,3,2.0,2.0,4.239975162313316,0.9117969232360484,0.8572018745155916,0.5209824561403537,1.966421737164856,4.428426403737151,2.0,-1.2004082644646497,0.8916762070083246,0.01887786934441105,-1.1580726400286923,-0.9445959909095131,-1.2773896918455463,-0.9830149607214882,3.0,1.0,6.0,4.0,2.0,1.0,1.0,1.0
LIDC-IDRI-0415-S419-N2,LIDC-IDRI-0415,419,train,1,4,3.5,1.25,5.375823900284241,0.8543793943103508,0.4675675663016895,0.7586904583282583,2.19758633327914,5.210324643051664,5.0,-0.41565889204316925,0.7318524778777719,-0.22332267221823618,-0.0442809797859253,-0.5053391123052872,-0.5620253180851138,-0.4155626939629973,4.0,1.0,6.0,5.0,4.0,1.0,1.0,5.0
LIDC-IDRI-0415-S419-N6,LIDC-IDRI-0415,419,train,1,4,5.0,1.25,6.21242525016679,0.5039680271672806,0.7447919737026882,0.5699857394056072,2.600632190502004,5.949189313180832,6.5,0.16234270477165103,-0.2435299963316975,-0.05099723733880798,-0.9284655265828056,0.26052498692967363,0.11396733091233707,-0.13183656058375184,5.0,1.0,6.0,3.5,4.0,3.5,1.5,4.5
LIDC-IDRI-0419-S423-N0,LIDC-IDRI-0419,423,train,0,3,2.0,2.0,4.716605808172634,0.688779674880438,0.694760098949792,0.6913368983957263,2.0545978191428564,4.8470746486173795,3.0,-0.8711077267160052,0.27089978281296334,-0.08209754576928016,-0.3598691495153357,-0.7770445959802552,-0.8943653742729593,-0.7938642051353245,4.0,1.0,6.0,4.0,5.0,1.0,1.0,5.0
LIDC-IDRI-0419-S423-N1,LIDC-IDRI-0419,423,train,0,4,1.0,2.0,4.942349526416871,0.8326397894850954,0.2642316935646818,1.0465882352941243,1.9751821171375932,4.93208791955073,3.75,-0.7151430852121371,0.6713395164528186,-0.34971826279590296,1.3046771538722681,-0.9279495959732008,-0.8165861157138419,-0.6520011384457018,4.5,1.0,3.0,5.0,5.0,1.0,1.0,5.0
LIDC-IDRI-0420-S424-N0,LIDC-IDRI-0420,424,val,1,3,4.0,2.0,5.635496706976814,0.5025549489896463,0.8601010160593983,0.4769466850285295,2.5070833131202424,5.570206260845825,3.0,-0.23625289785159345,-0.24746334957988042,0.020680004416128765,-1.3644042492520891,0.08276425467927805,-0.23276701413124753,-0.7938642051353245,4.0,1.0,6.0,3.0,4.0,3.0,3.0,5.0
LIDC-IDRI-0421-S425-N1,LIDC-IDRI-0421,425,train,0,3,1.0,3.0,4.94192092667957,1.212780799922556,10.04808318711262,0.9590792838874647,1.943523881673316,4.813590635936297,2.3333333333333335,-0.7154392015554698,1.729475507679354,5.732020640455217,0.8946499802970135,-0.9881062891948611,-0.9250001404844661,-0.9199647088594335,4.0,1.0,3.0,3.0,5.0,1.0,1.0,5.0
LIDC-IDRI-0423-S427-N0,LIDC-IDRI-0423,427,train,1,4,4.5,1.25,8.215710722489932,0.5769166408081663,0.5168063149803925,0.6836129866297687,3.252047668679039,7.241206849239523,14.0,1.5463976098244183,-0.04047494180161262,-0.19271537880376102,-0.3960598895417241,1.4983387976442746,1.2960435514451014,1.2867941063124753,5.0,1.0,6.0,4.0,5.0,1.0,1.0,5.0
LIDC-IDRI-0424-S428-N2,LIDC-IDRI-0424,428,train,1,3,4.0,1.0,4.376934421928774,0.5297045018186783,1.2807610909317653,0.35883760683760685,2.1357740612553324,4.707472784107006,3.0,-1.105784139405057,-0.17189160592337413,0.28216646954521724,-1.9178097092164659,-0.6227942335695738,-1.0220881332713736,-0.7938642051353245,3.0,1.0,6.0,4.0,4.0,1.0,1.0,4.0
LIDC-IDRI-0426-S430-N0,LIDC-IDRI-0426,430,test,0,4,1.0,3.0,6.33409594406279,0.7158044512596208,0.23245085084233588,1.185975705206474,2.401586453894581,5.912433673213125,4.0,0.24640407446383286,0.3461242067938285,-0.3694735491154121,1.9577834864390327,-0.1176999248056443,0.08033932915252498,-0.604713449549161,5.0,1.0,4.0,4.0,5.0,1.5,1.0,5.0
LIDC-IDRI-0427-S431-N0,LIDC-IDRI-0427,431,test,0,4,1.0,1.25,5.363208818293259,0.19968761291682738,0.5561638206109498,0.7219968145468154,2.275482367973447,5.6927856265495915,10.25,-0.424374557557887,-1.0905053262841429,-0.16825036384660075,-0.21621071732746408,-0.35732177041720786,-0.1206182628314586,0.5774787728643618,5.0,1.0,3.0,4.5,5.0,1.5,1.0,5.0
LIDC-IDRI-0427-S431-N1,LIDC-IDRI-0427,431,test,0,3,1.0,1.25,4.280004538300307,0.28123989671988153,0.5719561400905482,0.6198826233305365,1.855375391608784,4.85450107583572,6.333333333333333,-1.1727522688781853,-0.8635016505706825,-0.1584337017871877,-0.6946714065861358,-1.1556052542192434,-0.8875708821137455,-0.16336168651477917,4.0,1.0,3.0,3.0,5.0,1.0,1.0,5.0
LIDC-IDRI-0427-S431-N3,LIDC-IDRI-0427,431,test,0,3,1.0,1.25,4.2436074758754865,0.2145325215985178,0.38165224491854577,0.7267051634516469,1.86839702479779,4.918880814134851,7.333333333333333,-1.1978987262725806,-1.0491839962216711,-0.2767284861541658,-0.19414953429850948,-1.1308616643915688,-0.8286693923091457,0.025789069071384438,5.0,1.0,3.0,4.0,5.0,1.0,1.0,5.0
LIDC-IDRI-0430-S434-N1,LIDC-IDRI-0430,434,train,0,3,2.0,1.25,4.516477542502156,0.199642823097786,0.44658867578408873,0.7604938271604939,1.9402372448890617,5.123388609317172,8.0,-1.0093748441926342,-1.090630000334737,-0.23636335815792753,-0.035831213067100576,-0.9943515267408547,-0.6415637262854103,0.1518895727954936,4.0,1.0,6.0,5.0,5.0,1.0,1.0,5.0
LIDC-IDRI-0433-S437-N2,LIDC-IDRI-0433,437,train,0,4,1.0,2.0,4.973254210113791,0.211758081663119,0.8658492684344616,0.5013565669303375,2.3434153458127582,5.425912470530569,4.75,-0.6937912710794149,-1.0569067482282575,0.024253174973570577,-1.2500306369230718,-0.22823613921945538,-0.3647824501001112,-0.4628503828595382,5.0,1.0,3.0,3.0,4.0,2.0,1.5,5.0
LIDC-IDRI-0434-S438-N2,LIDC-IDRI-0434,438,train,0,4,2.5,1.25,4.61780630621937,0.2088749489116014,0.8845541452554101,0.49044289044289047,2.1392864411742374,5.181499736167726,6.5,-0.9393675614646737,-1.064932050545295,0.035880311497208675,-1.3011671646900136,-0.6161200409571047,-0.5883974345894415,-0.13183656058375184,4.0,1.0,6.0,3.5,4.0,1.0,1.0,5.0
LIDC-IDRI-0435-S439-N0,LIDC-IDRI-0435,439,test,0,3,2.0,3.0,4.9180723138438,0.7542872676070521,0.5757136866133972,1.142857142857143,1.9649339128200118,4.9492086447155605,2.6666666666666665,-0.7319160292617944,0.45324249159587593,-0.15609797368625963,1.7557495006063655,-0.9474231412976484,-0.8009222400072014,-0.8569144569973792,4.0,1.0,6.0,3.0,4.0,1.0,1.0,5.0
LIDC-IDRI-0435-S439-N5,LIDC-IDRI-0435,439,test,0,4,2.5,3.0,4.657872887085851,0.8106903668685572,9.775025594172162,0.7527973756347459,2.025068399731004,4.7702346369531465,1.75,-0.9116858613060645,0.610242519760793,5.562285338676645,-0.07189328688851337,-0.8331561321578483,-0.9646668586094876,-1.030302649618029,3.0,1.0,6.0,3.0,3.5,1.5,2.0,4.0
LIDC-IDRI-0435-S439-N6,LIDC-IDRI-0435,439,test,0,3,2.0,3.0,4.211418434444489,1.121237223920931,11.093532412550623,0.5019607843137255,1.8106672850839605,4.34686275556592,1.0,-1.2201378935290843,1.4746607156067235,6.381882224097712,-1.2471995488806116,-1.2405591946171508,-1.3520128655040293,-1.1721657163076518,4.0,1.0,6.0,5.0,3.0,1.0,1.0,4.0
LIDC-IDRI-0436-S440-N0,LIDC-IDRI-0436,440,train,1,4,4.0,3.0,9.861549890864715,0.32267835861194666,0.33850976305538394,0.8688679391321847,3.7664860259608206,8.527436208792894,12.0,2.683495544885788,-0.7481562215189623,-0.30354627979126536,0.47196061972474906,2.475869919850223,2.472824127285567,0.908492595140148,5.0,1.0,6.0,3.5,4.0,3.0,3.0,4.5
LIDC-IDRI-0437-S441-N0,LIDC-IDRI-0437,441,train,0,4,1.0,1.25,5.406887561789485,0.15967607961728886,0.5346211759359395,0.7555555555555555,2.3233010416316358,5.801979341320369,11.25,-0.3941972413352583,-1.2018788489663685,-0.18164148494909563,-0.05896970936915661,-0.2664571584343863,-0.02071614071636874,0.7666295284505253,4.5,1.0,4.0,4.5,5.0,1.5,1.0,5.0
LIDC-IDRI-0437-S441-N2,LIDC-IDRI-0437,441,train,0,4,1.0,1.25,4.847185145015269,0.21640486545528922,0.3497138588096896,0.8476733143399809,2.030642887482216,5.3361469486609705,10.0,-0.7808914424407538,-1.0439722606593282,-0.2965817030016803,0.37265224088073073,-0.822563540858944,-0.4469095775301723,0.5301910839678208,3.5,1.0,3.0,4.5,5.0,1.0,1.0,5.0
LIDC-IDRI-0437-S441-N3,LIDC-IDRI-0437,441,train,0,4,1.0,1.25,5.01484547401346,0.1855765765442723,0.45809470158574306,0.8376068376068375,2.105163497146861,5.502012413959929,10.5,-0.6650561788506848,-1.1297838967338938,-0.2292110986632,0.3254853061111553,-0.6809601511392098,-0.29515805956269875,0.6247664617609027,4.5,1.0,3.5,4.5,5.0,1.0,1.0,5.0
LIDC-IDRI-0439-S443-N1,LIDC-IDRI-0439,443,val,1,4,3.5,3.0,8.125826272366755,0.20910581595760833,0.6738228736324593,0.6954679421550043,3.4165722289108666,7.521756990516651,7.25,1.48429711750832,-1.0642894239308,-0.09511233220819214,-0.34051295601392967,1.8109668816846056,1.5527209117868541,0.01002650610587086,5.0,1.0,6.0,3.0,2.0,3.5,3.0,3.0
LIDC-IDRI-0440-S444-N1,LIDC-IDRI-0440,444,train,0,4,1.0,1.25,6.603714311659376,0.14404689690694913,0.5657522100270749,0.5869251521425435,2.780484403415957,6.626769233044765,14.5,0.4326813820767242,-1.2453832336162503,-0.1622901261048459,-0.8490951374408544,0.6022785382199788,0.7338901171192167,1.381369484105557,5.0,1.0,3.0,4.5,5.0,1.0,1.0,5.0
LIDC-IDRI-0442-S446-N1,LIDC-IDRI-0442,446,val,0,3,2.0,3.0,4.880370654545437,0.8896203263789179,0.433460311360192,0.8762710158058996,1.9500967181128668,4.870394875043398,2.0,-0.7579638228496028,0.8299468627567086,-0.24452407939388704,0.506648072328063,-0.9756166447313732,-0.8730295298696958,-0.9830149607214882,4.0,1.0,6.0,4.0,3.0,1.0,1.0,5.0
LIDC-IDRI-0442-S446-N2,LIDC-IDRI-0442,446,val,0,4,2.5,3.0,4.041241439482181,1.406151794329928,0.37810360087068523,1.2959974687549438,1.5839633860339322,4.184826426293976,2.0,-1.3377119027548299,2.267730532061596,-0.27893435840947306,2.4732954656639476,-1.6713398969306297,-1.500261079130505,-0.9830149607214882,2.5,1.0,6.0,3.0,3.0,1.0,1.0,3.0
LIDC-IDRI-0443-S448-N0,LIDC-IDRI-0443,448,train,0,4,1.0,1.25,4.80412444269781,0.20138279271632004,0.495719532461221,0.7390313390313391,2.1277429334145093,5.320171943690538,9.25,-0.8106417586492479,-1.0857867331616087,-0.20582313147926035,-0.13639467776449682,-0.6380549101884425,-0.46152522551591507,0.3883280172781981,5.0,1.0,3.0,5.0,4.5,1.5,1.0,5.0
LIDC-IDRI-0445-S450-N1,LIDC-IDRI-0445,450,train,1,3,4.0,1.0,4.641293659726792,0.7547521816980288,0.7726576961043119,0.520216291644863,2.2173255477078513,4.7970336601681085,4.333333333333333,-0.9231403251182939,0.45453659646481576,-0.033675628552236464,-1.1616625386336916,-0.46783083525161334,-0.9401482377767182,-0.5416631976871065,4.0,1.0,6.0,4.0,5.0,2.0,1.0,5.0
LIDC-IDRI-0447-S452-N1,LIDC-IDRI-0447,452,train,1,4,5.0,1.25,7.303439102842472,0.4514572349168019,0.6766493644094781,0.5823359462842144,2.9344498725617627,6.711517053177679,8.5,0.9161159912744341,-0.38969564981935795,-0.0933553575720162,-0.8705980703042744,0.8948423327051277,0.8114265128145105,0.2464649505885754,5.0,1.0,6.0,3.0,4.0,1.5,2.0,5.0
LIDC-IDRI-0448-S453-N1,LIDC-IDRI-0448,453,train,1,4,3.5,1.25,4.402923733376102,0.26255994856724885,0.7503940660265389,0.5894105894105894,1.9634224829391773,4.966997011291094,6.25,-1.0878283190865952,-0.9154979490805433,-0.04751492131550824,-0.8374495080311306,-0.950295146712164,-0.7846475343285138,-0.17912424948029276,4.5,1.0,6.0,4.5,4.5,1.0,1.5,5.0
LIDC-IDRI-0450-S455-N2,LIDC-IDRI-0450,455,train,0,3,2.0,1.25,4.485366636135878,0.8271257485521565,0.711658319761016,0.6990347870876782,1.982807118006988,4.61642743050381,4.0,-1.0308691360206232,0.6559909878593774,-0.0715934444988222,-0.32380034178628164,-0.9134606381589644,-1.1053861880428577,-0.604713449549161,3.0,1.0,6.0,2.0,4.0,1.0,1.0,5.0
LIDC-IDRI-0450-S455-N6,LIDC-IDRI-0450,455,train,1,4,3.5,1.25,5.523946945768768,0.7525650013975911,0.28117996137044515,0.8630309055827894,2.198557685555368,5.353465122793652,6.0,-0.3133217910724977,0.4484485024900785,-0.3391830518184057,0.44461093343722285,-0.5034933574792753,-0.4310650543298633,-0.22641193837683365,5.0,1.0,6.0,3.0,4.0,2.0,2.0,5.0
LIDC-IDRI-0450-S455-N7,LIDC-IDRI-0450,455,train,1,4,5.0,1.25,6.137478485722692,0.3502149412106596,0.5909502087939765,0.6657347305381505,2.5625771112962688,6.021799061156753,7.25,0.11056254743521536,-0.6715071667654393,-0.14662680072773848,-0.47982927194050484,0.1882130689805957,0.18039851629937073,0.01002650610587086,5.0,1.0,6.0,3.5,4.0,4.0,3.5,5.0
LIDC-IDRI-0451-S456-N0,LIDC-IDRI-0451,456,val,1,4,3.5,2.0,6.380046417861158,0.5982783844101264,0.3857915856222703,0.9043361344537872,2.555338378900186,6.00034818666049,5.75,0.2781509121106798,0.0189862295005187,-0.27415543101240963,0.6381484627483714,0.17445809503215112,0.16077295554342677,-0.27369962727337455,4.5,1.0,6.0,4.5,5.0,1.5,1.0,5.0
LIDC-IDRI-0453-S458-N0,LIDC-IDRI-0453,458,train,1,4,3.5,2.0,5.928918363677386,0.5378343579756419,0.5169204975762565,0.69716108452951,2.514095382271295,5.726821678107823,4.5,-0.03353007635866733,-0.14926186283599133,-0.1926444017722926,-0.3325796603782305,0.09608852517581003,-0.08947843224483613,-0.5101380717560791,5.0,1.0,6.0,3.0,4.0,2.0,1.0,5.0
LIDC-IDRI-0454-S459-N0,LIDC-IDRI-0454,459,test,0,4,2.5,1.0,4.466989367788226,1.2196165483317414,0.3695338642593158,0.8454199289778804,1.8776247224507239,4.499599965410865,5.0,-1.043565852863751,1.748503055931527,-0.2842613914878422,0.36209390123494667,-1.1133272766182465,-1.212272483729497,-0.4155626939629973,3.5,1.0,6.0,5.0,5.0,1.0,1.0,5.0
LIDC-IDRI-0454-S459-N3,LIDC-IDRI-0454,459,test,1,4,3.5,1.0,4.9245763643579386,0.9588153053944704,0.5164664162706909,0.7044025157232705,2.073458626583094,4.890007067302267,5.25,-0.7274224295521311,1.0225535421156737,-0.19292666320513613,-0.29864960502630056,-0.7412054599559039,-0.8550861928369449,-0.3682750050664564,4.5,1.0,6.0,4.0,4.5,2.5,2.0,5.0
LIDC-IDRI-0454-S459-N5,LIDC-IDRI-0454,459,test,0,4,2.5,1.0,4.118996615694441,1.4146426997319352,0.5030924374313327,0.8329611089718907,1.7428965382212935,4.240021804622255,4.25,-1.2839914347952528,2.291365268533792,-0.20124006079219278,0.30371753320604067,-1.3693365559776898,-1.4497624269185558,-0.5574257606526201,3.0,1.0,6.0,4.0,4.5,1.0,1.0,5.0
LIDC-IDRI-0454-S459-N6,LIDC-IDRI-0454,459,test,1,3,5.0,1.0,8.439132708438361,0.15420267767137194,0.929895360476011,0.44506172019881474,3.664407206121184,7.823181914131461,18.333333333333332,1.7007581839017372,-1.217114257497427,0.06406485954657946,-1.5138027027648049,2.281900667948888,1.828496761987688,2.106447380519184,5.0,1.0,6.0,3.0,3.0,5.0,5.0,4.0
LIDC-IDRI-0456-S461-N0,LIDC-IDRI-0456,461,val,0,4,1.0,1.5,5.570870043049828,0.15983368917961652,0.28063367827733593,1.0345169281585467,2.2298221690634987,5.901776945287419,12.75,-0.2809029751576566,-1.2014401371571155,-0.33952262679475737,1.248116495029966,-0.4440848681699292,0.07058941143229619,1.0503556618297707,5.0,1.0,3.0,4.5,5.0,1.0,1.0,5.0
LIDC-IDRI-0456-S461-N2,LIDC-IDRI-0456,461,val,0,4,1.0,1.5,3.505831210083208,0.32725499793584517,0.5292567340149291,0.6952931461601981,1.6263484582344847,4.28566653061314,4.5,-1.7076228138321812,-0.7354169835664279,-0.18497607513035041,-0.34133197060101567,-1.5908001653835675,-1.408001735843765,-0.5101380717560791,5.0,1.0,3.0,5.0,5.0,1.0,1.0,5.0
LIDC-IDRI-0461-S466-N5,LIDC-IDRI-0461,466,train,0,4,1.0,1.25,4.230838531044897,1.1427379535293918,0.3324142682026947,1.0068969961476393,1.7217218457440542,4.350820130264155,4.0,-1.2067206944689708,1.5345087593896378,-0.3073352997088933,1.1187020468537394,-1.4095725154598167,-1.3483922346720427,-0.604713449549161,4.5,1.0,3.0,4.0,5.0,2.0,1.0,5.0
LIDC-IDRI-0462-S467-N1,LIDC-IDRI-0462,467,train,1,4,4.0,1.25,6.890663246248407,0.10481192680862565,0.7441215756091603,0.5070957937337248,3.1054798929570557,6.931447538319107,17.25,0.6309322484183295,-1.3545951650728354,-0.051413963427584294,-1.2231392285942873,1.2198320334173958,1.0126425098117116,1.9015340619675072,5.0,1.0,6.0,3.0,3.5,4.0,3.5,5.0
LIDC-IDRI-0462-S467-N2,LIDC-IDRI-0462,467,train,0,4,2.5,1.25,6.302806246425886,0.13377503435125837,0.47286671090565124,0.7706302794022092,2.592641596623791,6.44735064069934,16.25,0.22478625708818267,-1.2739753275200378,-0.22002867149540015,0.011663595131855805,0.2453413325806196,0.5697387448553694,1.7123833063813434,4.5,1.0,6.0,3.0,4.0,2.0,1.0,5.0
LIDC-IDRI-0463-S468-N0,LIDC-IDRI-0463,468,train,0,4,2.5,0.75,5.3149111410582375,0.6241343474793566,0.46878980693940947,1.119999999999982,2.191623758978254,5.272686219579677,13.25,-0.4577430604514198,0.09095722015972733,-0.22256291534330222,1.6486513177224786,-0.5166691421622736,-0.5049702591316805,1.1449310396228527,3.0,1.0,6.0,3.5,4.5,1.5,1.0,5.0
LIDC-IDRI-0463-S468-N1,LIDC-IDRI-0463,468,train,0,4,1.0,0.75,4.9150281468819745,0.7937858494043304,0.6353449172233472,0.6680378445084219,2.1599084482561848,4.937080541913662,7.75,-0.7340192213797049,0.5631881955703262,-0.11903061066583431,-0.4690379266384265,-0.5769342892735201,-0.8120183292801333,0.10460188389895267,3.5,1.0,3.0,3.0,5.0,2.0,1.5,5.0
LIDC-IDRI-0464-S469-N2,LIDC-IDRI-0464,469,train,1,4,5.0,1.25,7.888581000597026,0.3096310637437294,0.5144487703920355,0.6691024190658248,3.1263374153567955,7.229375593723371,12.5,1.3203861389533356,-0.7844738297462842,-0.19418085184866724,-0.464049814110331,1.2594653091816395,1.285219049908262,1.00306797293323,4.5,1.0,6.0,3.0,2.0,4.0,1.5,1.5
LIDC-IDRI-0466-S471-N0,LIDC-IDRI-0466,471,train,0,3,1.0,1.25,4.413196871569331,1.0215648019609396,0.40638409545221454,0.907641083730056,1.8979588964073395,4.512986041157002,4.333333333333333,-1.0807306849735032,1.197218992370351,-0.2613549231315467,0.6536339529613755,-1.074688462840887,-1.2000254658801661,-0.5416631976871065,4.0,1.0,3.0,4.0,5.0,1.0,1.0,5.0
LIDC-IDRI-0466-S471-N1,LIDC-IDRI-0466,471,train,1,3,5.0,1.25,8.150958060751053,0.30890951021283913,0.2842250656053155,0.8367652019181215,3.215261524256671,7.404026821387202,18.0,1.5016604815752987,-0.7864822996026487,-0.3372901848935674,0.3215417837962711,1.4284380981147278,1.4450087256258604,2.04339712865713,5.0,1.0,6.0,4.0,5.0,2.0,1.0,5.0
LIDC-IDRI-0466-S471-N2,LIDC-IDRI-0466,471,train,1,3,4.0,1.25,7.390931618421125,0.2853335147867759,1.0152574715037257,0.46404390517816935,3.0885565617794244,6.9143991119278825,8.333333333333334,0.9765639139569717,-0.8521069194262282,0.11712679245135148,-1.4248608113324832,1.1876744722958958,0.9970447807777503,0.21493982465754824,2.0,1.0,6.0,4.0,1.0,1.0,1.0,1.0
LIDC-IDRI-0467-S472-N0,LIDC-IDRI-0467,472,test,0,4,2.5,1.0,4.5730209331600316,0.8589179519101844,1.1467928437068586,0.4601606617354649,2.2165668564735364,4.666069379141988,3.75,-0.9703094397510034,0.7444857140001047,0.19889048140441398,-1.4430559251753807,-0.4692724934856658,-1.0599684089582915,-0.6520011384457018,3.5,1.0,6.0,3.0,4.0,1.5,1.0,5.0
LIDC-IDRI-0469-S474-N0,LIDC-IDRI-0469,474,test,0,4,2.5,1.25,7.194608509995464,0.11527809616665559,0.5725570715991719,0.660800843584688,2.893892266192051,7.111042602857387,19.5,0.840925751076154,-1.3254622112900818,-0.15806015681498564,-0.5029472237585638,0.8177751352316409,1.1769553377655455,2.327123262036375,5.0,1.0,5.5,4.0,4.0,3.0,2.0,5.0
LIDC-IDRI-0470-S475-N1,LIDC-IDRI-0470,475,train,1,4,5.0,1.25,8.6345534692661,0.2997744571294531,0.6916027849609826,0.6780388529139686,3.369912010400459,7.73479527110591,18.0,1.8357729215961693,-0.8119100440024756,-0.08406016338752424,-0.42217774669669056,1.722303555715174,1.7476311808192326,2.04339712865713,5.0,1.0,6.0,3.0,4.5,2.0,3.0,5.0
LIDC-IDRI-0473-S478-N0,LIDC-IDRI-0473,478,val,0,4,2.0,1.25,4.522927053998524,1.2708233414660983,0.50268826039157,0.7619052263041393,1.9441115530910735,4.502476462157653,4.25,-1.0049189250812207,1.8910389816092146,-0.2014913012395919,-0.029218038159242857,-0.9869896012722803,-1.20964075597974,-0.5574257606526201,3.0,1.0,6.0,4.0,5.0,1.0,1.0,5.0
LIDC-IDRI-0473-S478-N1,LIDC-IDRI-0473,478,val,0,4,2.0,1.25,4.301494367088034,1.3467537142071935,0.36970718389345214,1.024943935385328,1.7833039089897074,4.3460592893582755,4.5,-1.157905107376083,2.1023938683975136,-0.28415365428820055,1.2032618018087136,-1.292554834837476,-1.352747962568544,-0.5101380717560791,2.5,1.0,6.0,4.0,5.0,1.0,1.0,5.0
LIDC-IDRI-0473-S478-N3,LIDC-IDRI-0473,478,val,0,3,2.0,1.25,4.11517623060987,0.9782318796665925,1.2248007121322184,0.4091713252374068,2.015619480928625,4.341533053612861,2.3333333333333335,-1.286630910191318,1.0766002655670908,0.2473809443345871,-1.6819687814113118,-0.8511108823621826,-1.3568890485010934,-0.9199647088594335,3.0,1.0,6.0,3.0,3.0,1.0,1.0,2.0
LIDC-IDRI-0476-S481-N1,LIDC-IDRI-0476,481,test,1,4,3.5,1.25,6.403521912966573,0.6089642117849577,0.5626920852990525,0.746337948445076,2.5919727808366537,6.009598731349707,7.5,0.29436995557606893,0.048730609167239855,-0.1641923299168608,-0.10215922689718278,0.2440704548599075,0.16923634601524257,0.057314195002411764,4.5,1.0,6.0,3.0,4.0,1.0,1.0,5.0
LIDC-IDRI-0476-S481-N2,LIDC-IDRI-0476,481,test,1,4,3.5,1.25,5.777424358062252,0.8159828840695561,0.29734540258018943,1.0053191369070325,2.267712096070135,5.493513666372904,7.5,-0.1381961483961011,0.6249744291859767,-0.32913445359935517,1.1113089155874405,-0.3720867709386009,-0.3029336254095672,0.057314195002411764,4.5,1.0,6.0,3.5,5.0,1.5,1.0,5.0
LIDC-IDRI-0476-S481-N3,LIDC-IDRI-0476,481,test,0,3,2.0,1.25,4.9653705462227435,0.6885509504653133,0.8408329285471001,0.5207417652164327,2.2795574816010475,5.0091824334957264,4.0,-0.699238035321926,0.27026312028755695,0.008702770553567735,-1.1592004083044418,-0.3495782762917823,-0.7460517853935974,-0.604713449549161,5.0,1.0,6.0,3.0,5.0,1.0,1.0,5.0
LIDC-IDRI-0476-S481-N4,LIDC-IDRI-0476,481,test,1,4,3.5,1.25,6.16951197039516,0.6951621520658391,0.49404159239281914,0.6527566149893496,2.528509955168439,5.8075914139197184,6.75,0.1326942416941701,0.2886656345301545,-0.2068661556296221,-0.5406388228638054,0.12347896646156122,-0.015581614765713559,-0.08454887168721095,5.0,1.0,6.0,3.5,5.0,1.0,1.0,5.0
LIDC-IDRI-0476-S481-N5,LIDC-IDRI-0476,481,test,0,4,2.5,1.25,4.7116743389234355,0.9971865665391973,0.5510484084346181,0.7111108777208749,2.005141202353252,4.712285547435795,4.0,-0.8745148418265417,1.129361309052642,-0.17143015467432102,-0.2672172696482303,-0.8710216127141971,-1.0176849011733264,-0.604713449549161,4.0,1.0,6.0,4.0,4.0,1.0,1.0,5.0
LIDC-IDRI-0477-S482-N1,LIDC-IDRI-0477,482,train,0,3,1.0,1.25,4.916198952132462,0.9069796755245437,0.4745825875784947,0.8453771732807195,2.0722100338287013,4.885964464101641,5.0,-0.733210320815014,0.8782672270712983,-0.21896206557632064,0.36189356747046497,-0.7435780246356233,-0.8587847998443129,-0.4155626939629973,4.0,1.0,3.0,3.0,5.0,1.0,1.0,5.0
LIDC-IDRI-0481-S486-N0,LIDC-IDRI-0481,486,test,0,3,2.0,1.0,4.704712416603435,0.7019531062771698,1.025319967672322,0.43429002614062034,2.1990585825730555,4.844337334928481,3.6666666666666665,-0.8793247817321203,0.30756849654315105,0.12338173964190566,-1.5642739653991173,-0.5025415574883166,-0.8968697624329346,-0.6677637014112154,3.0,1.0,6.0,4.0,4.0,1.0,1.0,5.0
LIDC-IDRI-0481-S486-N1,LIDC-IDRI-0481,486,test,0,3,2.0,1.0,3.900534792709805,1.179053128667184,0.6242761490183992,0.6927598566308243,1.7523496251427266,4.12327012005964,3.6666666666666665,-1.4349250694898703,1.635593337969498,-0.12591106651162204,-0.3532018139585249,-1.3513738855511583,-1.5565793904480196,-0.6677637014112154,3.0,1.0,6.0,4.0,4.0,2.0,1.0,5.0
LIDC-IDRI-0481-S486-N2,LIDC-IDRI-0481,486,test,0,4,2.5,1.0,4.570548712860785,0.7815073315628429,0.5856013515777829,0.6606039122168155,2.0555726217256973,4.709982586399463,5.25,-0.9720174782102325,0.5290105054756856,-0.1499517033022627,-0.5038699546433377,-0.7751922849127666,-1.0197918969391622,-0.3682750050664564,3.5,1.0,6.0,3.0,4.5,1.5,1.0,5.0
LIDC-IDRI-0481-S486-N3,LIDC-IDRI-0481,486,test,1,4,4.0,1.0,6.078203930984944,0.4700868746128171,0.5216795993416073,0.5809786457587794,2.626120810099165,5.892182018421585,8.0,0.06961020221880376,-0.3378393866836042,-0.18968609702186248,-0.8769577636749567,0.3089582317793488,0.06181094320774587,0.1518895727954936,4.0,1.0,6.0,3.0,3.5,2.0,2.0,4.5
LIDC-IDRI-0481-S486-N6,LIDC-IDRI-0481,486,test,1,3,4.0,1.0,5.017114081639924,0.6976843235517372,0.7842116262518799,0.48324970131421746,2.2712789529930846,5.0385558482769754,4.666666666666667,-0.6634888148596675,0.2956861883562277,-0.02649359124205762,-1.3348711796509058,-0.36530906161485927,-0.7191778350332342,-0.47861294582505176,4.0,1.0,6.0,3.0,4.0,1.0,1.0,5.0
LIDC-IDRI-0484-S490-N0,LIDC-IDRI-0484,490,val,1,4,4.0,3.0,7.704429730357505,0.43515245413248294,0.22281566614758935,0.9451826805672959,2.9227939438215262,7.0004106369289465,5.75,1.1931574077674925,-0.435080585680639,-0.3754628752654148,0.8295368131287041,0.872693842141554,1.0757373492282287,-0.27369962727337455,5.0,1.0,6.0,5.0,4.5,1.0,1.0,4.5
LIDC-IDRI-0485-S491-N1,LIDC-IDRI-0485,491,train,0,4,1.0,1.25,5.434229611319457,0.8079432578846326,0.9815666125572864,0.4411024597284678,2.3667840139589367,5.267688463334225,3.75,-0.3753068244231508,0.6025958444274285,0.09618422114662259,-1.5323539978495846,-0.1838312069782156,-0.5095427425917657,-0.6520011384457018,5.0,1.0,4.0,4.5,5.0,1.0,1.0,5.0
LIDC-IDRI-0486-S492-N0,LIDC-IDRI-0486,492,val,0,4,1.0,2.0,4.914339695072705,0.16841737123454573,0.9775188280155724,0.43388707757594575,2.37455525651054,5.450818034259793,4.75,-0.7344948675702633,-1.1775471535794855,0.09366807822115458,-1.5661619992335298,-0.1690643620397028,-0.34199616909258906,-0.4628503828595382,4.5,1.0,3.5,3.0,4.0,2.0,1.5,5.0
LIDC-IDRI-0487-S493-N5,LIDC-IDRI-0487,493,train,0,3,1.0,0.75,3.520023378501946,0.7691935651281566,0.8383677538454936,0.5426468070535779,1.7939702562571687,4.030185082126192,4.333333333333333,-1.6978175511351428,0.4947346996711382,0.007170393565225455,-1.056563338071546,-1.2722867380546217,-1.6417435672162215,-0.5416631976871065,4.0,1.0,3.0,3.0,4.0,1.0,1.0,5.0
LIDC-IDRI-0488-S494-N0,LIDC-IDRI-0488,494,train,0,4,2.0,1.25,3.7942356180000587,0.19621211504711328,0.46066300545666455,0.7785178541832818,1.7266453129464714,4.643693224772353,6.5,-1.5083663718867129,-1.1001794979267752,-0.22761461556270995,0.04862118566242335,-1.4002169875303803,-1.0804405149855856,-0.13183656058375184,3.0,1.0,6.0,4.5,4.5,1.0,1.0,5.0
LIDC-IDRI-0489-S495-N0,LIDC-IDRI-0489,495,test,1,4,4.5,2.5,7.270607697214115,0.5140849428296207,0.4141515650526548,0.6981413648080315,2.927565473828331,6.643041831167046,5.25,0.8934330194127108,-0.2153692026035853,-0.2565265871659026,-0.32798651252932215,0.8817606603835626,0.7487780352393621,-0.3682750050664564,5.0,1.0,6.0,3.5,4.0,2.5,1.5,5.0
LIDC-IDRI-0489-S495-N2,LIDC-IDRI-0489,495,test,1,4,5.0,2.5,8.247007010642115,0.36801856041134584,0.4973929334924974,0.8468607645078233,3.106995530297884,7.404734282014819,8.5,1.5680199805376351,-0.6219501609884023,-0.20478292883929125,0.3688450016701912,1.2227120338094064,1.4456559864884493,0.2464649505885754,5.0,1.0,6.0,4.0,3.0,3.5,2.0,5.0
LIDC-IDRI-0489-S495-N6,LIDC-IDRI-0489,495,test,1,4,4.0,2.5,7.157983836546703,0.48090328165587426,0.5813582176053969,0.7880354134117575,2.9692583856182493,6.5871590127997495,6.0,0.8156220389327569,-0.30773153387697344,-0.152589277366892,0.09321614248749173,0.9609851549670958,0.6976504391466326,-0.22641193837683365,5.0,1.0,6.0,3.0,4.0,2.5,1.0,5.0
LIDC-IDRI-0490-S496-N0,LIDC-IDRI-0490,496,train,1,4,4.0,0.9,7.056014800336128,0.11834981023423019,0.5338386131691295,0.6791934939156536,2.8863741702385606,6.994023906674923,28.25,0.7451723967421786,-1.316911986188304,-0.18212793370869532,-0.41676762374578297,0.803489317173478,1.0698940833672494,3.982192373415307,5.0,1.0,6.0,3.5,4.0,1.5,2.0,5.0
LIDC-IDRI-0491-S497-N0,LIDC-IDRI-0491,497,train,0,4,1.0,1.25,3.9430136927522157,0.28171334383699753,0.44850254882256474,0.7058828844294663,1.7605505810634303,4.626962534658674,6.25,-1.4055767161087795,-0.8621837937207038,-0.2351736757387229,-0.29171327009491727,-1.3357905031480926,-1.0957475447932554,-0.17912424948029276,5.0,1.0,3.0,4.5,5.0,1.0,1.0,5.0
LIDC-IDRI-0491-S497-N3,LIDC-IDRI-0491,497,train,0,3,1.0,1.25,4.578176939053297,0.21844743386711848,0.33868308388680957,1.043138040323542,1.8198540990621745,5.135755157677203,10.333333333333334,-0.9667471939574571,-1.038286699007846,-0.3034385418473769,1.2885111083497096,-1.2231024936334371,-0.6302494814408284,0.5932413358298755,5.0,1.0,3.0,5.0,5.0,1.0,1.0,5.0
LIDC-IDRI-0491-S497-N7,LIDC-IDRI-0491,497,train,0,4,1.0,1.25,3.9000183294934585,0.24714325863766987,0.8529317921886032,0.5333337349022622,1.9187043315645695,4.645954801503215,5.25,-1.4352818900517619,-0.9584108525352232,0.016223543915896876,-1.1002001613921806,-1.0352681742429473,-1.0783713820211698,-0.3682750050664564,4.5,1.0,3.0,2.5,5.0,1.0,1.5,5.0
LIDC-IDRI-0491-S497-N8,LIDC-IDRI-0491,497,train,0,4,2.5,1.25,6.353341231893411,0.15719293697028583,0.20891113400794684,1.0513423808662543,2.4170206910886187,6.434889096812251,18.25,0.25970049945623946,-1.208790764634504,-0.38410607003395103,1.3269529192696519,-0.08837192662836926,0.558337587913654,2.0906848175536705,5.0,1.0,6.0,4.5,5.0,1.0,1.0,5.0
LIDC-IDRI-0492-S498-N1,LIDC-IDRI-0492,498,val,0,4,1.0,1.0,4.093061691469784,1.1738610658216462,0.7045225751572443,0.5978324276196617,1.8780567584157142,4.262149236245464,3.5,-1.3019096793895601,1.6211410468071967,-0.07602909395538253,-0.7979886018990615,-1.1125063257779517,-1.429517879137068,-0.6992888273422427,5.0,1.0,3.0,4.0,5.0,1.0,1.0,5.0
LIDC-IDRI-0493-S499-N0,LIDC-IDRI-0493,499,train,0,3,1.0,2.5,3.951227965519759,0.23784354835661414,0.3908133722793393,0.7960487034211532,1.6965865782672698,4.685780443357487,3.3333333333333335,-1.3999015366735812,-0.9842969260873515,-0.27103383873392245,0.13076277744055645,-1.457334323800382,-1.0419346132548586,-0.7308139532732699,4.0,1.0,3.0,4.0,5.0,1.0,1.0,5.0
LIDC-IDRI-0493-S499-N1,LIDC-IDRI-0493,499,train,1,3,5.0,2.5,8.960964185234355,0.07502641617799807,0.21884318411857287,0.9876617637398892,3.293020986119426,8.41569918578722,23.0,2.061287636667579,-1.4375041908026776,-0.3779322094038436,1.028574490181718,1.5761959255412588,2.3705951140083594,2.989150906587948,5.0,1.0,6.0,4.0,4.0,2.0,2.0,5.0
LIDC-IDRI-0496-S502-N1,LIDC-IDRI-0496,502,train,0,3,2.0,1.25,4.177941478059623,0.8866432923776539,0.5305568315720819,0.8533326051561767,1.8274532285645795,4.403086067220146,4.0,-1.2432668715658393,0.821660182979072,-0.18416792162387374,0.3991691055043486,-1.2086626963571907,-1.300573749631964,-0.604713449549161,4.0,1.0,6.0,3.0,4.0,1.0,1.0,5.0
LIDC-IDRI-0497-S503-N0,LIDC-IDRI-0497,503,train,1,4,4.0,1.25,6.569908425522604,0.3143732945295687,1.186477669348058,0.3738405797101449,2.9117503651711045,6.344674306334203,5.5,0.40932514894186556,-0.771273662083699,0.22355896171914308,-1.8475125971694253,0.8517089336904075,0.4757994213731638,-0.3209873161699155,4.0,1.0,6.0,4.0,1.0,1.5,1.5,1.0
LIDC-IDRI-0504-S510-N0,LIDC-IDRI-0504,510,train,1,4,3.5,3.0,6.8048799934135635,0.6468313216083896,0.3682565500296877,1.147328783243116,2.5774460400939936,6.256805590426231,4.75,0.5716652425433447,0.154135053012409,-0.28505538265248,1.776701575099695,0.21646687324674785,0.395407695483428,-0.4628503828595382,5.0,1.0,6.0,3.5,5.0,1.0,1.0,5.0
LIDC-IDRI-0507-S513-N0,LIDC-IDRI-0507,513,train,1,4,4.0,1.0,7.220625937736316,0.5359111950841943,0.5607244114532437,0.6865173473869126,2.8857513483628217,6.594153704651939,11.0,0.8589009967308949,-0.15461505498458447,-0.16541545545028252,-0.3824513750623243,0.8023058366679761,0.7040499334860437,0.7193418395539845,4.0,1.0,6.0,3.0,2.5,2.0,2.0,2.5
LIDC-IDRI-0507-S513-N2,LIDC-IDRI-0507,513,train,1,4,4.5,1.0,7.139603510184277,0.5208109714681303,0.5618197180562929,0.5973333333333334,2.928127788687103,6.554740417623619,11.0,0.8029232093301618,-0.19664706322631265,-0.16473460202735954,-0.800327130887025,0.8828291660016755,0.6679904311426537,0.7193418395539845,3.5,1.0,6.0,3.0,2.5,2.5,2.0,5.0
LIDC-IDRI-0508-S514-N0,LIDC-IDRI-0508,514,train,1,4,3.5,2.0,8.04060726699765,0.059954577236520354,1.050539686739703,0.5830965793495068,3.347659458415135,7.87086325800343,16.75,1.4254199459746757,-1.479457189295512,0.13905856657272153,-0.8670340894671553,1.6800194573265985,1.8721207695425977,1.8069586841744252,5.0,1.0,6.0,3.0,3.0,5.0,1.5,4.5
LIDC-IDRI-0510-S516-N0,LIDC-IDRI-0510,516,test,1,3,4.0,2.0,6.32191983421128,0.1142103001482373,0.6357303651971226,0.5418666666666666,2.7833890242332933,6.512347002080647,8.666666666666666,0.2379916915072985,-1.3284344593963215,-0.11879101239118399,-1.0602187213517165,0.6077978724744387,0.6292043875929823,0.27799007651960256,4.0,1.0,6.0,4.0,2.0,1.0,1.0,5.0
LIDC-IDRI-0515-S521-N0,LIDC-IDRI-0515,521,train,1,4,4.5,1.25,7.828262318454812,0.4683114999021417,0.4240511575328471,0.8330473921677365,3.0519641462662443,7.0509950779909785,14.25,1.2787124139457682,-0.342781205186999,-0.25037290252005306,0.3041218170461622,1.1181418946906216,1.1220174214714997,1.3340817952090163,5.0,1.0,6.0,3.0,4.0,2.5,3.5,4.5
LIDC-IDRI-0521-S527-N0,LIDC-IDRI-0521,527,train,1,4,3.5,1.0,7.678992014058009,0.5577288516435552,0.6425166127536409,0.6028632102047007,3.0545913273255008,6.891498263008549,12.75,1.1755826803988414,-0.09388483378821194,-0.11457261375760008,-0.7744166411903863,1.1231340404214782,0.9760926278989767,1.0503556618297707,5.0,1.0,6.0,4.0,4.5,2.5,1.0,5.0
LIDC-IDRI-0523-S529-N4,LIDC-IDRI-0523,529,test,0,4,1.0,1.25,4.333930861889151,1.1965673895697577,0.5294727014419096,0.725925925925926,1.8785659782284776,4.401650070148916,3.75,-1.135494976442451,1.6843449046563392,-0.18484182764066104,-0.19780068718149124,-1.111538710886927,-1.3018875537741537,-0.6520011384457018,5.0,1.0,3.0,4.0,5.0,1.0,1.0,5.0
LIDC-IDRI-0524-S530-N0,LIDC-IDRI-0524,530,test,0,4,2.0,0.75,3.861519643616289,0.9038606565208321,0.6457766931793497,0.5834581105169309,1.7441435828036376,4.180975350374321,4.75,-1.461880343323921,0.869585327001246,-0.11254611550526707,-0.8653401187320999,-1.3669669331205203,-1.503784456438508,-0.4628503828595382,3.0,1.0,6.0,4.5,4.5,1.0,1.0,5.0
LIDC-IDRI-0525-S531-N2,LIDC-IDRI-0525,531,train,1,4,3.5,0.75,5.772650266655723,0.3066998498349114,0.5522007543785823,0.8242930094543779,2.5353763878691784,5.826033552673683,13.75,-0.141494532335717,-0.7926329676707476,-0.1707138450326597,0.2631027585080968,0.1365264998900002,0.0012912318237591224,1.2395064174159345,4.5,1.0,6.0,2.5,3.0,1.0,3.0,3.5
LIDC-IDRI-0526-S532-N0,LIDC-IDRI-0526,532,train,1,4,5.0,3.0,7.311611365309365,0.7067840628346793,0.4001156003653009,1.4596680256260908,2.5594323906184924,6.562070205551881,6.25,0.9217621461080558,0.32101563553946744,-0.2652514817066704,3.240181307084934,0.18223749913892626,0.6746965073140165,-0.17912424948029276,5.0,1.0,6.0,5.0,5.0,1.0,1.0,5.0
LIDC-IDRI-0526-S532-N1,LIDC-IDRI-0526,532,train,1,4,3.5,3.0,6.652376634953972,0.5971480000005144,0.6925105588129876,0.701320132013201,2.733735866997741,6.190140139715792,3.75,0.4663018161974014,0.01583976438654598,-0.08349588217835689,-0.3130922541518851,0.5134473913594553,0.33441499080520803,-0.6520011384457018,4.0,1.0,6.0,3.0,3.5,1.0,1.0,3.5
LIDC-IDRI-0526-S532-N5,LIDC-IDRI-0526,532,train,1,4,5.0,3.0,8.763164316846636,0.5037954927713748,0.4753511646125202,0.7219501759396922,3.3732647368104582,7.646354860463884,6.75,1.924629191406986,-0.24401025194479847,-0.21848431048661382,-0.21642924464325072,1.7286743761713572,1.6667164072682463,-0.08454887168721095,5.0,1.0,6.0,4.5,5.0,1.0,1.0,5.0
LIDC-IDRI-0527-S533-N0,LIDC-IDRI-0527,533,val,1,4,3.5,3.0,6.958539097028148,0.7619986417204007,0.5308642539397361,0.7224781046671412,2.6596468812710397,6.306408281710935,3.25,0.6778271645469761,0.4747073750657143,-0.1839768248380808,-0.21395561056941562,0.37266416954994175,0.44078955773039075,-0.7465765162387836,4.5,1.0,6.0,5.0,5.0,1.0,1.0,5.0
LIDC-IDRI-0529-S535-N3,LIDC-IDRI-0529,535,train,0,4,2.0,1.25,4.225977773060751,0.18631703241765774,0.8491573231466474,0.48518518518518516,2.137195806115602,4.960057165888713,6.25,-1.2100789556969278,-1.1277228115364757,0.013877296609637418,-1.325802381906713,-0.6200926468214678,-0.790996849252948,-0.17912424948029276,4.0,1.0,6.0,3.5,5.0,3.0,3.0,5.0
LIDC-IDRI-0530-S536-N0,LIDC-IDRI-0530,536,train,0,4,1.0,2.5,6.019326184574931,0.33499594345563666,0.5279134473549644,1.1502524297573025,2.341432930972433,5.9570414511461,6.25,0.028932008899341468,-0.7138697870374632,-0.1858110754105073,1.7904004538712417,-0.23200310600198726,0.1211513089235028,-0.17912424948029276,5.0,1.0,3.0,3.5,5.0,2.5,1.0,5.0
LIDC-IDRI-0533-S539-N0,LIDC-IDRI-0533,539,test,1,4,3.5,3.0,6.605358982630995,0.6851370353028874,0.18003110229950214,0.9277334751018962,2.5475685397046695,6.1068118255928105,4.0,0.43381767291341056,0.2607603662958216,-0.40205818352261163,0.7477777669613739,0.15969391673820527,0.25817731146043893,-0.604713449549161,4.0,1.0,6.0,5.0,5.0,1.0,1.0,5.0
LIDC-IDRI-0535-S541-N1,LIDC-IDRI-0535,541,test,0,3,2.0,1.0,4.15166421996945,1.1084031778762393,0.532568244212918,0.7617663595865231,1.7914540727027204,4.319113778240587,4.666666666666667,-1.2614216320597917,1.4389366930464664,-0.18291760762265127,-0.029868704483231194,-1.277067967328917,-1.3774006062466508,-0.47861294582505176,3.0,1.0,6.0,4.0,4.0,1.0,1.0,5.0
LIDC-IDRI-0537-S543-N0,LIDC-IDRI-0537,543,train,0,4,2.0,1.25,4.742208768403921,0.2017797121088394,0.5379146090504828,0.6847416971267004,2.1233824846891527,5.27407835914274,8.5,-0.8534188335544682,-1.0846818939485043,-0.17959425433534576,-0.39077126515070637,-0.6463405954906458,-0.5036965805420082,0.2464649505885754,4.0,1.0,6.0,3.0,4.5,1.0,1.0,5.0
LIDC-IDRI-0541-S547-N1,LIDC-IDRI-0541,547,train,0,4,1.0,3.0,5.320387351591571,1.0871429780147739,0.39440023562009696,0.8511644402411633,2.0297432847633985,5.094242449851812,2.25,-0.45395958767408645,1.3797581723491132,-0.2688042089879562,0.389010070141021,-0.8242729578237127,-0.6682297591079654,-0.9357272718249473,4.5,1.0,3.0,5.0,5.0,1.0,1.0,5.0
LIDC-IDRI-0542-S548-N2,LIDC-IDRI-0542,548,test,0,3,1.0,1.25,3.7165538733661094,0.22584961935612538,0.25599929207181243,0.8835978835978836,1.575794872204922,4.548676249968089,6.666666666666667,-1.5620361065196862,-1.0176824530449087,-0.35483560502655553,0.5409784447484339,-1.6868616331639437,-1.1673722348178914,-0.10031143465272453,5.0,1.0,3.0,5.0,5.0,1.0,1.0,5.0
LIDC-IDRI-0543-S549-N1,LIDC-IDRI-0543,549,train,1,4,4.0,1.5,7.232398717158071,0.07511148920530943,0.38807614139188407,1.1335500427715997,2.8125370203686963,7.262506962114901,24.75,0.8670347217191202,-1.437267387012481,-0.2727353285394858,1.7121406596716433,0.6631846315855761,1.315531179299948,3.3201647288637344,5.0,1.0,6.0,3.5,4.0,1.5,2.0,5.0
LIDC-IDRI-0546-S552-N0,LIDC-IDRI-0546,552,train,1,4,5.0,2.0,8.254826232815173,0.13996516647887786,0.33553564875622643,0.8249143797379092,3.0926210241409042,7.734338021950565,17.5,1.5734222224806012,-1.2567448750962276,-0.30539501866959257,0.2660142172446551,1.1953977269815976,1.7472128402485303,1.948821750864048,5.0,1.0,6.0,5.0,5.0,2.5,1.0,5.0
LIDC-IDRI-0547-S553-N1,LIDC-IDRI-0547,553,val,0,3,2.0,1.25,5.647026093960685,0.9392062609911878,0.21143095626931238,0.9344729344729346,2.205290422775149,5.361072834357895,7.0,-0.22828733087287764,0.9679710712246881,-0.38253972358170457,0.7793558104976358,-0.49069987099676354,-0.4241047038069154,-0.03726118279067005,5.0,1.0,6.0,4.0,5.0,1.0,1.0,5.0
LIDC-IDRI-0549-S555-N4,LIDC-IDRI-0549,555,train,0,4,2.5,1.25,4.397301138591843,1.2314775714823614,0.3445629975734272,1.12177698204845,1.7169312059964799,4.435465728742373,5.0,-1.0917129276447826,1.7815186347400307,-0.29978352931583513,1.6569774479653316,-1.4186756458587142,-1.2709493623105017,-0.4155626939629973,3.5,1.0,6.0,4.0,4.5,1.0,1.0,5.0
LIDC-IDRI-0549-S555-N5,LIDC-IDRI-0549,555,train,0,4,2.5,1.25,5.463967498621726,0.5962733542141491,0.759370231998569,0.591753149663222,2.3102056132782245,5.394324018629727,5.25,-0.3547611411666939,0.01340515680484168,-0.04193524772478226,-0.826473335378197,-0.2913409731672482,-0.39368295399677916,-0.3682750050664564,4.0,1.0,6.0,2.0,5.0,1.0,1.5,5.0
LIDC-IDRI-0550-S556-N0,LIDC-IDRI-0550,556,val,1,4,3.5,3.0,6.900807826475824,0.7086197988245694,0.268814559998303,1.1369566838142078,2.526118448220172,6.29054071626053,4.75,0.6379410627972283,0.3261254718053762,-0.3468695076715904,1.7281026312829242,0.11893464654876275,0.4262722069412613,-0.4628503828595382,5.0,1.0,6.0,5.0,5.0,1.5,1.0,5.0
LIDC-IDRI-0552-S558-N0,LIDC-IDRI-0552,558,train,1,3,4.0,2.5,5.6599243758430156,0.7479192822294228,0.37875321921884636,0.8844065003611069,2.215433868433401,5.442749275090632,3.0,-0.21937600467766957,0.4355169783398354,-0.2785305492160401,0.5447672553855225,-0.47142538713102167,-0.34937833541532054,-0.7938642051353245,5.0,1.0,6.0,3.0,5.0,1.0,1.0,5.0
LIDC-IDRI-0559-S565-N0,LIDC-IDRI-0559,565,val,0,4,1.0,2.5,4.546819079870361,1.3285640012270217,0.36134566930112044,0.9841263211366225,1.7880760758230032,4.51074430413076,2.25,-0.9884121036339427,2.0517621568853803,-0.2893512544991012,1.0120090129973496,-1.2834868065035188,-1.2020764473548384,-0.9357272718249473,5.0,1.0,3.0,4.5,5.0,1.0,1.0,5.0
LIDC-IDRI-0562-S568-N1,LIDC-IDRI-0562,568,train,1,4,4.0,2.0,6.7612782255033395,0.052269822496415236,0.595135696079668,0.8186471246261672,2.871878437556688,7.070315083285697,15.0,0.5415411081756476,-1.5008479767953828,-0.14402506041399402,0.23664870825117096,0.775944656797489,1.1396934345302085,1.4759448618986388,4.5,1.0,6.0,2.5,2.5,2.0,4.0,4.5
LIDC-IDRI-0565-S571-N0,LIDC-IDRI-0565,571,train,0,4,2.0,2.0,4.5286198080463596,0.6785554081115706,0.6332045368718512,0.6612779220779262,2.1264329899729444,4.7255517340701365,2.75,-1.000985844014133,0.24244017347065605,-0.12036109227218655,-0.5007118507708684,-0.6405440528900584,-1.0055475707424704,-0.8411518940318654,4.0,1.0,6.0,3.0,3.0,1.0,1.0,2.0
LIDC-IDRI-0565-S571-N1,LIDC-IDRI-0565,571,train,0,4,2.0,2.0,5.068750738849665,0.5757794944474428,0.6793107219294449,0.6836043956043999,2.202673642035943,5.138274510585521,3.5,-0.6278134357491748,-0.0436402290464408,-0.09170103140247902,-0.39610014318199116,-0.49567225413335325,-0.6279445071808525,-0.6992888273422427,3.0,1.0,6.0,3.0,3.0,1.5,1.0,3.5
LIDC-IDRI-0565-S571-N3,LIDC-IDRI-0565,571,train,0,4,2.5,2.0,3.8895995876975396,1.0508435414546589,0.45857956686095164,0.9991836734693941,1.689524252321105,4.157807598208399,2.75,-1.4424801206016982,1.2787174026586747,-0.22890970161020752,1.0825609224796435,-1.470754091805273,-1.52498080103463,-0.8411518940318654,4.0,1.0,6.0,4.0,4.0,1.0,1.0,4.0
LIDC-IDRI-0565-S571-N4,LIDC-IDRI-0565,571,train,1,4,5.0,2.0,7.675693565559074,0.42776215470114903,0.24320818738111344,0.8791254984752577,2.9656432473241856,6.97877971135942,9.25,1.1733038070744515,-0.45565174638028655,-0.3627866822750484,0.5200228807576308,0.954115701817843,1.0559470584386381,0.3883280172781981,5.0,1.0,6.0,3.5,4.5,3.5,3.5,5.0
LIDC-IDRI-0566-S572-N0,LIDC-IDRI-0566,572,test,0,4,2.5,2.0,4.829247444328602,0.621639426085564,0.7640337885868468,0.6484809308338761,2.1567785269473454,4.956449406819527,2.75,-0.7932844652843521,0.08401251793195406,-0.03903633480187598,-0.5606727355228919,-0.5828817374879428,-0.7942976142085897,-0.8411518940318654,4.0,1.0,6.0,4.5,4.0,1.0,1.0,5.0
LIDC-IDRI-0568-S574-N1,LIDC-IDRI-0568,574,test,0,4,1.0,2.5,5.161938338923673,0.19715096288894599,0.4885743570610814,0.7542087542087541,2.116184398801195,5.562468087141593,5.0,-0.5634308219108399,-1.0975661816455737,-0.2102646432121642,-0.06528020836062677,-0.660018333311304,-0.23984672541289784,-0.4155626939629973,5.0,1.0,3.0,4.0,5.0,1.0,1.0,5.0
LIDC-IDRI-0568-S574-N2,LIDC-IDRI-0568,574,test,0,4,1.0,2.5,4.749810980990092,0.238600018848496,0.4842224919200328,0.7344556677890012,1.9625571921718217,5.219319657671996,4.0,-0.8481665219071711,-0.9821912636310963,-0.2129698056471696,-0.15783419356884934,-0.9519393644165298,-0.5537957139278255,-0.604713449549161,5.0,1.0,3.0,4.5,5.0,1.0,1.0,5.0
LIDC-IDRI-0569-S575-N2,LIDC-IDRI-0569,575,val,0,4,1.0,2.0,3.985070147243139,1.117328893779011,0.542048861342981,0.9340000000000058,1.6507184498426877,4.236834113626954,2.5,-1.376520227190209,1.46378173997607,-0.1770243622003596,0.7771398545056581,-1.5444925273396424,-1.4526788685447631,-0.8884395829284063,5.0,1.0,3.0,4.5,5.0,1.0,1.0,5.0
LIDC-IDRI-0572-S578-N0,LIDC-IDRI-0572,578,train,0,3,2.0,1.25,4.767239918258045,0.14023688729714853,0.4796825917644101,0.9725497518805958,2.071135139708555,5.417881790170834,11.666666666666666,-0.8361249998930405,-1.255988530557008,-0.21579185250791097,0.9577664710008337,-0.7456205287386829,-0.3721297778437421,0.8454423432780934,2.0,1.0,6.0,2.0,5.0,1.0,1.0,5.0
LIDC-IDRI-0576-S582-N2,LIDC-IDRI-0576,582,train,1,4,4.5,1.0,6.18406678997302,0.6657874113144793,0.1891185111776488,1.09854934507039,2.435053787417407,5.833765181009004,12.0,0.14275005735659507,0.20690000133474262,-0.39640936024065354,1.5481432980200587,-0.054105599785495576,0.008364954699889977,0.908492595140148,4.5,1.0,6.0,4.5,4.5,1.5,1.0,5.0
LIDC-IDRI-0577-S583-N2,LIDC-IDRI-0577,583,train,0,4,2.0,3.0,5.2302256347098375,0.9587038305691256,0.4513987719557585,1.0730253353204173,2.08366810186321,5.075069803119808,2.75,-0.5162516415137367,1.022243247983827,-0.2333733547799209,1.4285493889643492,-0.7218055071988053,-0.6857709527481947,-0.8411518940318654,4.5,1.0,5.5,3.0,5.0,1.0,1.0,5.0
LIDC-IDRI-0578-S584-N0,LIDC-IDRI-0578,584,val,0,4,2.0,2.5,4.759861316843594,1.3255164439402591,0.5609462143522256,0.8063492063492064,1.8906519996667421,4.652996195718132,2.0,-0.8412228202592297,2.0432791730401565,-0.16527758057345293,0.17902625259484636,-1.0885729620613966,-1.0719291593511573,-0.9830149607214882,3.0,1.0,6.0,5.0,3.5,1.0,1.0,5.0
LIDC-IDRI-0579-S585-N0,LIDC-IDRI-0579,585,train,0,4,2.5,2.0,7.085611026368099,0.5741944393964017,0.2657508205073142,0.9408531855955737,2.701088979990313,6.485087538550861,7.25,0.7656202072896671,-0.04805228602406581,-0.3487739584560346,0.809250767441629,0.4514120714009523,0.6042645065745434,0.01002650610587086,5.0,1.0,5.0,4.0,5.0,1.0,1.0,5.0
LIDC-IDRI-0582-S588-N1,LIDC-IDRI-0582,588,train,0,3,2.0,0.75,4.769179337560981,0.8755219361528274,0.6086554634585915,0.6062678062677964,2.063645558052262,4.79225862851315,7.0,-0.8347850696453207,0.7907034933043695,-0.13562103922811158,-0.7584642514236596,-0.7598521641867351,-0.9445169488925408,-0.03726118279067005,4.0,1.0,6.0,3.0,4.0,2.0,2.0,5.0
LIDC-IDRI-0582-S588-N3,LIDC-IDRI-0582,588,train,0,3,2.0,0.75,4.4696289625059435,0.786567413260293,0.8081866486155268,0.5378917378917292,2.01413274505615,4.6416621123147905,5.666666666666667,-1.0417421766743704,0.5430954224291524,-0.011590480099021284,-1.0788434309905812,-0.8539359644449482,-1.082298794513769,-0.28946219023888814,4.0,1.0,6.0,3.0,4.0,1.0,1.0,5.0
LIDC-IDRI-0582-S588-N5,LIDC-IDRI-0582,588,train,0,3,2.0,0.75,4.361579756924189,0.8974333904766997,0.5558607055344541,0.645470085470075,1.978050225406658,4.530345555575642,6.666666666666667,-1.116392562272714,0.8516948039065176,-0.1684387831775873,-0.5747801884719578,-0.9224996425333342,-1.184143120152207,-0.10031143465272453,3.0,1.0,6.0,2.0,5.0,2.0,2.0,5.0
LIDC-IDRI-0583-S589-N13,LIDC-IDRI-0583,589,test,0,3,2.0,2.0,4.490057106251136,0.2186012753418682,0.2038569954699504,0.9568467550118926,1.8161516369056778,5.077100321121653,5.666666666666667,-1.027628525403856,-1.0378584758040703,-0.3872477725617566,0.8841893646678531,-1.2301378787977337,-0.6839132170918606,-0.28946219023888814,4.0,1.0,6.0,4.0,5.0,1.0,1.0,5.0
LIDC-IDRI-0583-S589-N19,LIDC-IDRI-0583,589,test,1,4,3.5,2.0,6.975392725803347,0.1286331152500618,0.1812092672922225,0.988082661477157,2.6661955945181566,6.912629810921037,13.5,0.6894712102391765,-1.2882880417906977,-0.40132582450475435,1.0305466256810238,0.38510797534094876,0.9954260344459188,1.1922187285193935,5.0,1.0,6.0,5.0,4.5,1.0,1.0,5.0
LIDC-IDRI-0586-S591-N0,LIDC-IDRI-0586,591,val,0,4,2.5,2.5,4.293766324186673,0.9499554284279733,0.4824903960021675,0.8601265040314486,1.841344816968,4.453438906138411,2.0,-1.1632443542442206,0.9978917602013758,-0.21404649360945022,0.4310022278147578,-1.1822660254849588,-1.254505571870874,-0.9830149607214882,3.5,1.0,6.0,3.0,3.5,1.0,1.0,5.0
LIDC-IDRI-0586-S591-N1,LIDC-IDRI-0586,591,val,0,4,2.5,2.5,4.227904926544677,1.0772438938814135,0.42423898609823674,0.9848800661266393,1.6675505453006776,4.35976435822436,2.0,-1.2087474998115493,1.3522037204113069,-0.25025614642517313,1.0155407194443495,-1.5125083315089378,-1.3402090955986872,-0.9830149607214882,3.5,1.0,6.0,4.0,4.0,1.0,1.0,5.0
LIDC-IDRI-0587-S592-N0,LIDC-IDRI-0587,592,train,1,4,3.5,2.0,5.184638052150885,0.12105204458009781,0.6544171196006796,0.7297568816556158,2.189695159249713,5.734688939146427,7.25,-0.5477477603255235,-1.3093902210022734,-0.10717514094152449,-0.17985056979707578,-0.520333849955231,-0.08228061802412083,0.01002650610587086,3.0,1.0,6.0,3.5,1.0,1.0,1.0,2.0
LIDC-IDRI-0587-S592-N4,LIDC-IDRI-0587,592,train,1,3,5.0,2.0,7.360585337267531,0.06244217746220616,0.5176765617919086,0.5232896199769348,3.1503043478570074,7.413107754958996,14.0,0.9555978959525404,-1.4725328657989434,-0.19217442477430569,-1.1472623188937459,1.3050070579473394,1.4533169376553972,1.2867941063124753,5.0,1.0,6.0,3.0,2.0,4.0,2.0,4.0
LIDC-IDRI-0590-S595-N0,LIDC-IDRI-0590,595,train,1,4,4.0,1.25,4.926994583892114,0.15834872369329572,0.34668275698972184,0.7575757575757576,2.1413451596658084,5.479318004016157,10.0,-0.7257516998163993,-1.205573591279829,-0.2984658658868559,-0.04950396088195189,-0.6122080826653375,-0.31592133992450366,0.5301910839678208,4.5,1.0,6.0,4.5,3.0,2.0,1.5,3.0
LIDC-IDRI-0595-S600-N0,LIDC-IDRI-0595,600,train,1,4,4.0,3.0,8.61573735470888,0.4253157828410582,0.20315334245989702,0.9977295608256294,3.205567329575169,7.602467229963899,8.0,1.822773009198884,-0.4624613092583012,-0.3876851702357149,1.0757476115234628,1.410017276899212,1.6265632956101679,0.1518895727954936,5.0,1.0,6.0,4.5,4.0,1.0,1.0,5.0
LIDC-IDRI-0597-S602-N0,LIDC-IDRI-0597,602,train,1,4,3.5,3.0,6.816649680822962,0.7712810897551664,0.626217439105752,0.7571881211500998,2.6505822160600276,6.200800211731967,3.25,0.5797968312834285,0.5005453985427724,-0.12470434138353369,-0.05132024899228078,0.35543957455091796,0.34416796805807615,-0.7465765162387836,4.5,1.0,6.0,4.0,4.5,1.5,1.5,5.0
LIDC-IDRI-0598-S603-N0,LIDC-IDRI-0598,603,train,0,4,2.5,2.0,4.953939473582437,0.7503705202212221,0.6211161251843049,0.8192000000000053,2.0289590664676957,4.972908993952883,3.25,-0.7071356776581842,0.44234008626812704,-0.1278753685965102,0.2392392309717636,-0.8257631223493583,-0.7792386184851418,-0.7465765162387836,4.5,1.0,6.0,4.0,4.5,2.0,1.0,5.0
LIDC-IDRI-0601-S606-N0,LIDC-IDRI-0601,606,val,0,4,2.5,1.0,5.2690004997594295,0.6342353597529443,0.7281335640273647,0.6508891928864569,2.2601510288797324,5.2338531338172105,6.75,-0.4894623781231268,0.11907374624094198,-0.06135226963416949,-0.5493887140967928,-0.3864542425532034,-0.5404989311261419,-0.08454887168721095,4.0,1.0,6.0,3.0,4.0,1.5,2.5,4.5
LIDC-IDRI-0601-S606-N1,LIDC-IDRI-0601,606,val,0,4,2.5,1.0,6.087199732576258,0.3802948594907155,0.9459836600085553,0.5856420626895855,2.708186036049865,5.960737049849886,9.25,0.07582533405565677,-0.5877786468968458,0.07406550573573681,-0.8551071114547555,0.46489783325376133,0.12453243899833354,0.3883280172781981,3.5,1.0,6.0,3.0,3.5,1.5,1.0,5.0
LIDC-IDRI-0601-S606-N3,LIDC-IDRI-0601,606,val,1,4,3.5,1.0,7.338698327821506,0.4728461001614567,0.18603755934825675,1.0407300821860983,2.722495158331829,6.721973023370853,16.75,0.9404763253130961,-0.3301589844624194,-0.39832451038497174,1.2772285109318138,0.4920878982325451,0.82099275582825,1.8069586841744252,5.0,1.0,6.0,4.0,5.0,1.5,1.0,5.0
LIDC-IDRI-0601-S606-N4,LIDC-IDRI-0601,606,val,0,3,1.0,1.0,4.697009401634931,0.8588795936532775,0.7464473099805798,0.5747224351875515,2.211890768030233,4.7662976662141645,5.0,-0.8846467369891956,0.7443789424309251,-0.04996826392830034,-0.9062715229713229,-0.47815795453034593,-0.9682688217110724,-0.4155626939629973,4.0,1.0,5.0,2.0,5.0,1.0,1.0,5.0
LIDC-IDRI-0602-S607-N1,LIDC-IDRI-0602,607,val,0,4,1.5,1.0,3.745468239658935,1.3512232004818618,0.3896455338733078,0.8657664060649135,1.713025202680176,3.9822389928177446,4.5,-1.5420593877509583,2.1148348420353673,-0.2717597786433085,0.4574282454146778,-1.426097798097326,-1.6856097922923505,-0.5101380717560791,4.5,1.0,6.0,4.0,5.0,1.0,1.0,5.0
LIDC-IDRI-0602-S607-N3,LIDC-IDRI-0602,607,val,0,4,2.0,1.0,3.9084295491683485,1.3169763168247142,0.6377897683671243,0.6519782042170102,1.7155170073100232,4.093279023793136,3.5,-1.4294706414756877,2.0195074261817774,-0.117510867002148,-0.5442861019561992,-1.421362893435467,-1.584018462082054,-0.6992888273422427,4.0,1.0,6.0,4.5,5.0,1.0,1.0,5.0
LIDC-IDRI-0604-S609-N1,LIDC-IDRI-0604,609,train,0,4,1.0,1.25,3.933184450325622,0.23226576812494026,0.30731074943645664,0.8199993002672655,1.7399755668123507,4.689568698244823,7.25,-1.4123676659666167,-0.999822875280505,-0.32293989538267337,0.24298438874310602,-1.3748869594787092,-1.0384687113652469,0.01002650610587086,4.5,1.0,3.0,4.5,5.0,1.0,1.0,5.0
LIDC-IDRI-0604-S609-N2,LIDC-IDRI-0604,609,train,0,4,2.5,1.25,4.175471324477642,0.21819116851422293,0.9972975129780118,0.4114770603503201,2.0412357300828203,4.869281216650992,5.0,-1.244973482145613,-1.0390000227107823,0.10596270451127573,-1.6711651546261195,-0.802435116980458,-0.8740484240152623,-0.4155626939629973,3.5,1.0,6.0,3.5,3.0,1.0,1.0,4.5
LIDC-IDRI-0604-S609-N4,LIDC-IDRI-0604,609,train,0,4,2.0,1.25,3.901706791448378,0.2521117924843727,0.8784058296765862,0.4767672699262741,1.835986966732401,4.636249098676474,4.75,-1.4341153443532144,-0.944580762272735,0.032058457693534624,-1.3652449068773032,-1.1924469641324784,-1.087251199976308,-0.4628503828595382,3.5,1.0,6.0,4.0,4.0,1.0,1.0,5.0
LIDC-IDRI-0605-S610-N0,LIDC-IDRI-0605,610,val,0,3,2.0,2.5,5.590209618917024,0.463823436517344,0.6898754042959613,0.6456437389770723,2.410193277419293,5.558076401022106,3.3333333333333335,-0.2675414072680876,-0.355273888870076,-0.0851339203019778,-0.5739665270634849,-0.10134531644557654,-0.2438647109161945,-0.7308139532732699,3.0,1.0,6.0,3.0,5.0,1.0,1.0,5.0
LIDC-IDRI-0605-S610-N1,LIDC-IDRI-0605,610,val,0,3,2.0,2.5,4.370732628055123,0.7096111535714954,0.47384390391204706,0.837530864197531,1.7621243721697657,4.604707260482674,2.6666666666666665,-1.1100689122692053,0.32888494292002535,-0.21942123865293503,0.32512932924497073,-1.3327999994958715,-1.116109056654106,-0.8569144569973792,2.0,1.0,6.0,4.0,5.0,1.0,1.0,5.0
LIDC-IDRI-0605-S610-N2,LIDC-IDRI-0605,610,val,0,3,2.0,2.5,4.598863720880372,0.7030971481786913,0.2998434101555168,1.0930041152263374,1.7898253110281586,4.758243182754757,3.3333333333333335,-0.9524548515763606,0.3107529777704674,-0.3275816673718145,1.522160871271325,-1.2801629255586127,-0.9756379270833444,-0.7308139532732699,3.0,1.0,6.0,5.0,5.0,1.0,1.0,5.0
LIDC-IDRI-0605-S610-N3,LIDC-IDRI-0605,610,val,0,3,2.0,2.5,4.083050555603342,0.8410226785089536,0.4459033987508339,0.9086419753086421,1.7068072696073255,4.363121140267399,2.3333333333333335,-1.308826298060503,0.6946735855036545,-0.2367893331428707,0.6583236759945748,-1.437913058387444,-1.3371379513457287,-0.9199647088594335,2.0,1.0,6.0,4.0,4.0,1.0,1.0,5.0
LIDC-IDRI-0606-S611-N0,LIDC-IDRI-0606,611,train,1,4,5.0,0.6,7.2923219399907335,0.14515607975448547,0.6477660681358695,0.6454772664158945,2.9455240074167457,7.080337967358134,29.5,0.9084352268562826,-1.2422957838026174,-0.1113095003466868,-0.574746541823579,0.915885303780323,1.1488634439089713,4.218630817898012,5.0,1.0,6.0,3.0,2.0,4.5,5.0,5.0
LIDC-IDRI-0608-S613-N0,LIDC-IDRI-0608,613,val,1,4,4.0,2.0,5.853650144901402,0.16473182063097253,0.23722556788146848,0.9959982214317474,2.274802653603741,6.0787079383485665,9.25,-0.08553232408159285,-1.1878060144601876,-0.36650553775628025,1.0676353420154674,-0.35861335752612594,0.23246486105725345,0.3883280172781981,4.5,1.0,6.0,4.0,5.0,1.0,1.0,5.0
LIDC-IDRI-0608-S613-N1,LIDC-IDRI-0608,613,val,0,4,1.0,2.0,5.404235716661446,0.17666045693574933,0.33244577238394646,0.9485697346969023,2.221194273467021,5.750924669801342,8.0,-0.3960293812412335,-1.1546022320379477,-0.3073157163980816,0.845407009367888,-0.4604795174905295,-0.06742643021743279,0.1518895727954936,5.0,1.0,3.0,4.0,4.5,1.0,1.0,5.0
LIDC-IDRI-0608-S613-N5,LIDC-IDRI-0608,613,val,1,5,4.0,2.0,6.772185693535347,0.09549830808297692,0.6645760775212012,0.5867218144525622,2.867117018502178,7.01498334802533,10.6,0.5490769960158859,-1.3805199532740065,-0.10086023217144847,-0.8500478854393636,0.7668970512957505,1.0890700283714836,0.6436815373195189,5.0,1.0,6.0,3.0,4.0,3.0,3.0,5.0
LIDC-IDRI-0610-S615-N1,LIDC-IDRI-0610,615,test,1,4,4.0,2.5,6.301801038518087,0.31151156490669485,0.4970913803248522,0.6652105009999747,2.711177312804977,6.164831480599953,4.75,0.22409176648531595,-0.7792393880327021,-0.20497037727228065,-0.4822855732946828,0.47058183033886186,0.3112599149030152,-0.4628503828595382,5.0,1.0,6.0,3.5,3.0,2.5,2.5,5.0
LIDC-IDRI-0613-S618-N0,LIDC-IDRI-0613,618,train,0,4,2.5,2.0,4.656777283921176,0.19318465437946344,0.36952969725505647,0.8891470616710233,2.0016308103768314,5.228702240154431,6.0,-0.9124428053138005,-1.1086065421196039,-0.2842639817389238,0.5669793711042044,-0.8776920278563043,-0.5452115211207318,-0.22641193837683365,5.0,1.0,6.0,4.0,4.0,1.5,1.0,5.0
LIDC-IDRI-0614-S619-N2,LIDC-IDRI-0614,619,train,1,4,4.5,1.25,6.001427379514638,0.13043996803930943,0.8215215082788374,0.48722519310754603,2.6051556013126476,6.260468843567309,11.5,0.016565858752226752,-1.2832586029386495,-0.0033013993788946656,-1.3162438319637515,0.2691203313151331,0.39875923236818966,0.8139172173470662,4.5,1.0,6.0,3.0,4.5,1.5,1.0,5.0
LIDC-IDRI-0615-S620-N0,LIDC-IDRI-0615,620,train,0,4,2.0,1.25,4.75912575226464,1.1278558191921462,0.32676709001132737,1.0123456790123457,1.9336616811094707,4.707046354781057,5.25,-0.8417310163089439,1.4930838103940374,-0.3108456415535829,1.1442320983377468,-1.0068463536712648,-1.022478276556487,-0.3682750050664564,3.0,1.0,6.0,3.0,5.0,1.0,1.0,5.0
LIDC-IDRI-0615-S620-N1,LIDC-IDRI-0615,620,train,0,4,1.0,1.25,4.436856805437596,1.2368861334477776,0.5689882777251579,0.7567901234567901,1.8934468349948037,4.462374078844775,3.75,-1.0643842141504398,1.7965735588846263,-0.16027855440161992,-0.053185085293642735,-1.0832622412025232,-1.2463307175149756,-0.6520011384457018,4.5,1.0,3.0,4.5,5.0,1.0,1.0,5.0
LIDC-IDRI-0617-S622-N1,LIDC-IDRI-0617,622,train,1,4,4.5,2.0,6.7377724374056855,0.07779369024233265,0.6433692803412701,1.0458397715034884,2.721910083427495,6.9213220165100875,16.5,0.5253011355091654,-1.4298013852524676,-0.11404258714766582,1.3011701927252683,0.4909761441813308,1.0033785964228579,1.7596709952778844,5.0,1.0,6.0,3.5,4.0,2.0,1.5,5.0
LIDC-IDRI-0617-S622-N2,LIDC-IDRI-0617,622,train,1,4,4.5,2.0,5.572905424666874,0.18716585218224138,0.3807944894627473,0.8245441873760457,2.2197010126128256,5.848502925363818,7.25,-0.2794967452669863,-1.1253600916027942,-0.27726167543330044,0.2642796640889598,-0.46331699828465395,0.021848623969008767,0.01002650610587086,5.0,1.0,6.0,4.5,5.0,1.0,1.5,5.0
LIDC-IDRI-0619-S624-N0,LIDC-IDRI-0619,624,train,1,4,3.5,1.25,6.572009262870363,0.4883603754140912,0.9340345472956874,0.4578144944542734,2.7781131796864216,6.1849349367542095,5.75,0.41077660170586566,-0.28697444879836087,0.06663781903248858,-1.454048998724751,0.5977727602962993,0.32965271283899455,-0.27369962727337455,4.5,1.0,6.0,4.5,4.0,2.0,2.0,5.0
LIDC-IDRI-0619-S624-N1,LIDC-IDRI-0619,624,train,1,4,5.0,1.25,8.562210918881386,0.2850466870613669,0.5184126384307316,0.7813077463900769,3.325858994973104,7.702994038433865,18.0,1.7857919962176818,-0.8529053145775106,-0.19171687225186027,0.06169335254071131,1.638594413506576,1.718536002250738,2.04339712865713,5.0,1.0,6.0,3.0,3.0,3.0,3.0,5.0
LIDC-IDRI-0620-S625-N0,LIDC-IDRI-0620,625,train,1,3,4.0,1.25,5.760919531525866,0.3279607517410711,0.6820721181412966,0.614104647890576,2.652929095740085,5.790593302464812,7.0,-0.14959920923806802,-0.7334524928070771,-0.08998452019214592,-0.7217443734146921,0.359899094131555,-0.03113331029927794,-0.03726118279067005,4.0,1.0,6.0,2.0,5.0,2.0,4.0,5.0
LIDC-IDRI-0620-S625-N1,LIDC-IDRI-0620,625,train,0,4,2.0,1.25,3.715761694961377,1.0376660026372129,0.9301961697242529,0.8644367156610402,1.7510205246605561,4.032602239315248,3.75,-1.5625834166369386,1.242037255777184,0.06425184555190643,0.4511979205248652,-1.353899430288385,-1.639532092561482,-0.6520011384457018,2.5,1.0,6.0,3.0,2.5,2.0,1.0,1.5
LIDC-IDRI-0624-S629-N3,LIDC-IDRI-0624,629,train,1,4,4.0,2.0,7.592628467560292,0.06864208334944863,0.5706399933751631,0.65380348372964,3.2711511736601597,7.558767004430951,17.0,1.115914753985288,-1.4552752077684166,-0.15925183160923395,-0.5357336717474257,1.534639105344762,1.5865816421165189,1.8542463730709662,5.0,1.0,6.0,3.0,1.5,2.0,2.0,4.0
LIDC-IDRI-0625-S630-N0,LIDC-IDRI-0625,630,train,1,4,4.5,0.75,5.657449946954467,0.6490096525871035,0.8467651021536964,0.5187918165293647,2.4626130322304416,5.491788914552281,8.0,-0.22108556903468005,0.16019851458612444,0.012390268368499609,-1.1683369816026383,-0.0017377715940263864,-0.3045116133676086,0.1518895727954936,5.0,1.0,6.0,4.0,5.0,1.0,1.5,5.0
LIDC-IDRI-0626-S631-N0,LIDC-IDRI-0626,631,val,0,3,2.0,2.5,3.7232947492790105,1.2726119923287509,10.95734146678916,0.4824514689329881,1.7193335840693897,3.985109182602501,1.0,-1.5573788859185786,1.8960177547527202,6.297224584552154,-1.3386113337936603,-1.4141106687330132,-1.6829838348279291,-1.1721657163076518,2.0,1.0,6.0,4.0,3.0,1.0,1.0,2.0
LIDC-IDRI-0635-S640-N0,LIDC-IDRI-0635,640,train,1,4,3.5,3.0,7.272031347613285,0.7024029482716323,0.31168094956606257,1.0200571031743502,2.789182865910247,6.541693915687734,5.0,0.894416608793892,0.30882064769663525,-0.3202233357373491,1.1803643271276119,0.6188072781227307,0.6560540918367731,-0.4155626939629973,4.5,1.0,6.0,5.0,5.0,1.0,1.0,5.0
LIDC-IDRI-0636-S641-N3,LIDC-IDRI-0636,641,test,0,3,2.0,1.0,3.864393932983004,1.297769787409736,0.8024970988028418,0.5600325600325601,1.8888529601351822,4.066064810158156,3.3333333333333335,-1.4598945183621248,1.9660453700433145,-0.015127160562804928,-0.9751016014164876,-1.0919914807377078,-1.6089169436433353,-0.7308139532732699,3.0,1.0,6.0,3.0,4.0,1.0,1.0,5.0
LIDC-IDRI-0636-S641-N4,LIDC-IDRI-0636,641,test,1,4,3.5,1.0,6.7129113572795225,0.3441817745023888,0.44339146004286284,0.6704213525266157,2.8445807381766577,6.407594776905955,11.25,0.5081248017469967,-0.6883007003748348,-0.23835077910031646,-0.45786989136678435,0.7240738148766068,0.5333658165433771,0.7666295284505253,3.0,1.0,6.0,4.0,2.0,1.5,1.0,1.0
LIDC-IDRI-0637-S642-N0,LIDC-IDRI-0637,642,test,0,4,2.5,0.75,4.911363148430607,0.7686491742253216,0.3480365492454737,1.0567349472377234,1.9563063959078155,4.934857628213525,10.5,-0.7365513413165321,0.4932193682762879,-0.29762433522440096,1.3522200343712296,-0.9638170710457962,-0.8140520891571429,0.6247664617609027,2.5,1.0,6.0,3.0,4.5,1.0,1.0,5.0
LIDC-IDRI-0637-S642-N1,LIDC-IDRI-0637,642,test,0,4,2.5,0.75,5.223238380939182,0.6692567126584761,0.27862993545264075,0.9225039392637009,2.1206945052097574,5.1941405663072056,11.5,-0.5210790827285475,0.21655692472816732,-0.34076817316237096,0.7232745388415299,-0.6514482698305679,-0.576832247354248,0.8139172173470662,4.0,1.0,6.0,5.0,4.0,1.0,1.5,5.0
LIDC-IDRI-0637-S642-N5,LIDC-IDRI-0637,642,test,0,4,2.5,0.75,4.316242569389663,0.9493515619727194,0.7627416993406251,0.5853755431408968,2.1137807557224235,4.484109798067835,6.0,-1.1477156850404788,0.996210876495976,-0.039839510263032674,-0.8563559009270868,-0.6645857141897226,-1.2264445502512293,-0.22641193837683365,3.5,1.0,6.0,3.5,4.0,1.0,1.0,5.0
LIDC-IDRI-0639-S1016-N0,LIDC-IDRI-0639,1016,train,1,3,4.0,1.25,4.9429178975589165,0.13924096759843632,0.9312811924965557,0.48046477850399416,2.2851576284328154,5.538314423093394,8.666666666666666,-0.7147504018537707,-1.2587607083769339,0.0649263064438751,-1.347920062195443,-0.33893692783965346,-0.2619450879453518,0.27799007651960256,4.0,1.0,6.0,4.0,2.0,2.0,3.0,3.0
LIDC-IDRI-0640-S1015-N0,LIDC-IDRI-0640,1015,val,0,4,1.0,3.0,5.705777553474779,0.7935905195588541,0.28551516980435193,1.1125827814569538,2.1537403815319878,5.45122118056599,3.0,-0.1876963882224561,0.5626444880144869,-0.3364882433573839,1.613897602747026,-0.5886547939781156,-0.3416273276112229,-0.7938642051353245,5.0,1.0,3.0,5.0,5.0,1.0,1.0,5.0
LIDC-IDRI-0641-S1014-N1,LIDC-IDRI-0641,1014,test,0,3,2.0,2.5,3.9471787918305816,0.8368379695952722,0.4961310282099897,0.7839669547174709,1.6548050606503888,4.26541941029239,2.0,-1.4026990804002961,0.6830252997549606,-0.20556734164992171,0.07415319415579609,-1.5367271863763852,-1.4265259731683095,-0.9830149607214882,3.0,1.0,6.0,3.0,4.0,1.0,1.0,5.0
LIDC-IDRI-0641-S1014-N3,LIDC-IDRI-0641,1014,test,0,4,1.0,2.5,6.94678057451611,0.35447216546556104,0.41531941551573287,0.8822896085106904,2.7078544586703557,6.560207934874733,6.5,0.6697032895507244,-0.6596570319913726,-0.2558006397617371,0.5348484622993477,0.4642677729106673,0.6729927023561004,-0.13183656058375184,5.0,1.0,3.0,3.5,4.5,2.0,1.5,5.0
LIDC-IDRI-0641-S1014-N4,LIDC-IDRI-0641,1014,test,0,4,1.0,2.5,5.6366186015626045,0.5132360755846244,0.307094221047464,1.0727054887847778,2.2138967356553816,5.556112374009662,4.5,-0.2354777892982353,-0.21773205470068022,-0.32307449157190044,1.4270507334682196,-0.47434623295872497,-0.24566161348376808,-0.5101380717560791,4.5,1.0,3.0,4.5,5.0,1.0,1.0,5.0
LIDC-IDRI-0641-S1014-N6,LIDC-IDRI-0641,1014,test,0,3,2.0,2.5,5.137692442782282,0.37019883316092433,0.6749186059925988,0.7849930894749534,2.200622335801188,5.331699592274244,3.6666666666666665,-0.5801821296727718,-0.6158812944265848,-0.09443121413044882,0.07896119525230849,-0.49957012772163606,-0.4509784961649924,-0.6677637014112154,5.0,1.0,6.0,3.0,5.0,1.0,1.0,5.0
LIDC-IDRI-0642-S1013-N0,LIDC-IDRI-0642,1013,train,1,4,3.5,3.0,6.262006222724304,0.7639873040011981,0.3366769794816929,0.881504524886878,2.38887393496398,5.8391886961329655,3.0,0.1965978267767713,0.4802428870886997,-0.30468555619674914,0.5311699172577544,-0.14185613851015272,0.01332696804786025,-0.7938642051353245,4.0,1.0,6.0,4.5,5.0,1.0,1.5,5.0
LIDC-IDRI-0642-S1013-N3,LIDC-IDRI-0642,1013,train,0,3,1.0,3.0,4.9176332817562,1.1010432460510213,0.3533021826055599,1.2051282051282044,1.8109502121637557,4.8211526342091275,2.3333333333333335,-0.7322193532376898,1.4184500616559867,-0.2943511654223642,2.047523396283384,-1.2400215791343627,-0.918081613383595,-0.9199647088594335,5.0,1.0,3.0,4.0,5.0,1.0,1.0,5.0
LIDC-IDRI-0643-S1012-N2,LIDC-IDRI-0643,1012,train,0,4,2.5,2.5,4.731961716709885,0.7185934192236205,0.7656193708652625,0.8298752998815833,2.0802088165016515,4.841480651324175,2.5,-0.8604984447009576,0.3538873980835287,-0.038050721167684376,0.2892588343054926,-0.7283788100127377,-0.8994833629948411,-0.8884395829284063,3.0,1.0,6.0,3.5,4.0,2.0,1.0,4.5
LIDC-IDRI-0644-S1011-N0,LIDC-IDRI-0644,1011,test,0,4,2.5,1.0,4.2953255611670045,1.3854053497140812,0.4442695103016338,0.8315204254290549,1.8117305683579306,4.34461143644738,5.0,-1.1621670891112263,2.209982067320176,-0.23780497437082943,0.2969671449133022,-1.2385387533391738,-1.3540726137044872,-0.4155626939629973,4.0,1.0,6.0,4.0,4.0,1.0,1.0,5.0
LIDC-IDRI-0645-S1010-N0,LIDC-IDRI-0645,1010,test,1,4,4.0,1.25,5.332005071264245,0.6732074380096698,1.1557333953456193,0.3999996586669582,2.316234149782576,5.256534759957488,3.25,-0.4459329923033103,0.22755390892815766,0.20444801677316252,-1.7249430424486745,-0.27988560252673794,-0.5197473467589319,-0.7465765162387836,5.0,1.0,6.0,5.0,4.0,1.0,1.0,5.0
LIDC-IDRI-0648-S1007-N2,LIDC-IDRI-0648,1007,train,0,4,1.0,1.0,6.1836550203484535,0.1953803065618297,0.4016394797719315,0.8101540504896504,2.4302385314516903,6.238901382011596,17.75,0.14246556881189854,-1.1024948663609078,-0.2643042231881534,0.19685402293974283,-0.06325550569987476,0.3790270052654264,1.996109439760589,5.0,1.0,3.0,5.0,5.0,1.0,1.0,5.0
LIDC-IDRI-0649-S1006-N0,LIDC-IDRI-0649,1006,val,0,4,1.0,1.25,4.24054385692729,1.3735884188345793,0.39902200698635865,0.8333333333333333,1.7906222158356293,4.294719331490181,3.75,-1.2000153576219543,2.1770892209128707,-0.2659312701725355,0.3054616073882224,-1.2786486542378381,-1.3997192626208306,-0.6520011384457018,3.0,1.0,3.0,4.5,5.0,1.0,1.0,5.0
LIDC-IDRI-0649-S1006-N1,LIDC-IDRI-0649,1006,val,0,4,1.0,1.25,4.093413342638889,1.4017997572149983,0.348768706041352,0.9841269841269841,1.6780009116838575,4.194194166812535,4.0,-1.3016667262347597,2.2556164823273632,-0.29716921931511825,1.0120121194688558,-1.4926506396525399,-1.4916904653438774,-0.604713449549161,3.0,1.0,3.0,3.0,5.0,1.0,1.0,5.0
LIDC-IDRI-0649-S1006-N2,LIDC-IDRI-0649,1006,val,0,3,1.0,1.25,3.769575728589832,1.5937527150285105,0.48314606197024484,0.8042328042328042,1.6285735836794177,3.9342599619165273,3.0,-1.525403704492486,2.789924351533917,-0.21363892515563387,0.16910975417967927,-1.586572002101328,-1.7295061558707776,-0.7938642051353245,2.0,1.0,3.0,3.0,5.0,1.0,1.0,5.0
LIDC-IDRI-0649-S1006-N3,LIDC-IDRI-0649,1006,val,0,4,1.0,1.25,3.9465385348406814,1.3088385092365749,0.5319171124709197,0.7936507936507936,1.7068926496062684,4.122180329819063,3.25,-1.403141429151689,1.9968555500035734,-0.18332235755666906,0.11952726210384537,-1.4377508200842553,-1.5575764474482556,-0.7465765162387836,3.5,1.0,3.0,3.5,5.0,1.0,1.0,5.0
LIDC-IDRI-0649-S1006-N5,LIDC-IDRI-0649,1006,val,0,4,1.0,1.25,3.4181465873567913,1.7557997134804242,0.9154256416693614,0.5428571428571429,1.6137854025942533,3.677351167687989,2.0,-1.7682034619020046,3.2409879216940483,0.05507033915309859,-1.055577800093418,-1.6146723702930559,-1.9645538762211496,-0.9830149607214882,2.5,1.0,4.5,3.5,5.0,1.0,1.0,5.0
LIDC-IDRI-0649-S1006-N6,LIDC-IDRI-0649,1006,val,0,4,1.0,1.25,4.079136656282206,1.234431383308633,0.8381390684434646,0.5899470899470899,1.8050153396402413,4.232072982120455,2.75,-1.311530381741108,1.7897406747695757,0.007028240456396885,-0.8349357103559576,-1.2512989703240764,-1.4570348623138805,-0.8411518940318654,4.0,1.0,3.0,4.0,5.0,1.0,1.0,5.0
LIDC-IDRI-0649-S1006-N7,LIDC-IDRI-0649,1006,val,0,4,1.0,1.25,3.428222239345533,1.5920836693144467,1.014255350955415,0.5555555555555556,1.6817520916709423,3.713275965487193,2.0,-1.7612422695261367,2.785278503565499,0.1165038644021648,-0.9960788096024173,-1.4855226813063798,-1.931686017991122,-0.9830149607214882,3.5,1.0,3.0,2.5,4.5,1.0,1.0,5.0
LIDC-IDRI-0649-S1006-N9,LIDC-IDRI-0649,1006,val,0,3,1.0,1.25,4.105369078559037,1.151249870081144,0.6292606639926037,0.8230452674897119,1.9417943999615053,4.273489921603683,4.333333333333333,-1.2934065979742542,1.5582019811426946,-0.12281264268002072,0.2572564067589394,-0.9913926347300464,-1.4191422037980255,-0.5416631976871065,2.0,1.0,3.0,2.0,5.0,1.0,1.0,5.0
LIDC-IDRI-0649-S1006-N10,LIDC-IDRI-0649,1006,val,0,4,1.0,1.25,3.633666213560342,1.283569055463679,0.9394800206668398,0.5555555555555556,1.6961300492410192,3.913877164303027,2.25,-1.6193025688923601,1.926517128782022,0.0700227791649881,-0.9960788096024173,-1.4582018161345625,-1.7481545253351345,-0.9357272718249473,3.0,1.0,3.0,2.5,5.0,1.0,1.0,5.0
LIDC-IDRI-0655-S1000-N1,LIDC-IDRI-0655,1000,val,0,4,2.5,0.75,4.773397832434246,0.976647349837806,0.29228954925771317,0.8832420591457311,1.932045621297333,4.766732801525605,8.25,-0.8318705431826937,1.072189670564248,-0.3322772220541618,0.5393112130874456,-1.0099171759366539,-0.9678707132566491,0.19917726169203448,4.0,1.0,6.0,5.0,4.5,1.0,1.0,5.0
LIDC-IDRI-0655-S1000-N5,LIDC-IDRI-0655,1000,val,1,4,4.0,0.75,7.098519350293522,0.16534936353004745,0.3584415072131914,0.7035929082182846,3.1022435552186995,6.9157745736389025,22.5,0.7745384714571164,-1.1860870618881258,-0.29115651039072554,-0.30244305782899783,1.2136823736643227,0.9983032006795496,2.8945755287948662,5.0,1.0,6.0,3.0,3.0,4.5,3.0,4.5
LIDC-IDRI-0655-S1000-N6,LIDC-IDRI-0655,1000,val,0,4,2.5,0.75,4.819875445541943,0.5081817140208433,0.8352304753470476,0.5540315106580527,2.238466082583916,5.013473639949547,7.25,-0.7997595089414012,-0.23180104945910973,0.005220230206049944,-1.0032197913154877,-0.427659781734867,-0.7421257294656479,0.01002650610587086,3.5,1.0,6.0,2.0,4.0,1.5,1.5,5.0
LIDC-IDRI-0655-S1000-N7,LIDC-IDRI-0655,1000,val,0,4,2.0,0.75,4.777741618352087,0.6602274439603307,0.3866927191646216,0.9574297188755643,2.01899605245399,4.8865936424456775,9.75,-0.8288694540772481,0.19142363491824144,-0.27359527748543133,0.8869208683766222,-0.8446947516330526,-0.8582091600111041,0.48290339507127994,3.5,1.0,6.0,3.0,4.5,1.0,1.0,5.0
LIDC-IDRI-0656-S999-N0,LIDC-IDRI-0656,999,train,0,4,2.5,1.25,4.445049841709172,0.956705868800582,0.8753965966516288,0.5420875420875422,2.0846385692558957,4.551855596640838,3.25,-1.0587237068509987,1.0166818505067232,0.03018788866773734,-1.0591837995171147,-0.7199614338205121,-1.164463427472946,-0.7465765162387836,3.5,1.0,6.0,2.5,4.0,2.0,1.0,5.0
LIDC-IDRI-0660-S995-N4,LIDC-IDRI-0660,995,train,1,4,4.0,1.25,5.574847790231833,0.6264927428655417,0.5478191849398386,0.6272466594072805,2.3460838111440663,5.456710790331669,5.25,-0.2781547794689366,0.09752189740092598,-0.17343747195304754,-0.6601668804763212,-0.22316554548755677,-0.33660484379586514,-0.3682750050664564,4.0,1.0,6.0,3.5,2.0,3.0,2.0,4.0
LIDC-IDRI-0661-S994-N3,LIDC-IDRI-0661,994,train,0,3,2.0,1.25,3.8624072679511894,1.3070757755569933,1.1417979436260723,0.43268644978344856,1.8006232175723067,4.06170377226146,2.0,-1.4612670903295095,1.9919489182587744,0.19578560208779688,-1.5717875953852403,-1.2596448410259027,-1.6129068888651719,-0.9830149607214882,2.0,1.0,6.0,4.0,4.0,1.0,1.0,5.0
LIDC-IDRI-0663-S992-N2,LIDC-IDRI-0663,992,train,1,3,4.0,1.25,5.123104852050874,0.1689194431198793,0.684591199539746,0.6410776897378782,2.221352376060255,5.583999444927743,9.0,-0.5902605866793483,-1.1761496186714704,-0.08841863426761927,-0.5953609585342948,-0.46017909237020194,-0.22014752991092962,0.3410403283816572,5.0,1.0,6.0,4.0,3.0,2.0,2.0,3.0
LIDC-IDRI-0671-S984-N2,LIDC-IDRI-0671,984,test,1,4,4.0,1.25,6.011654366099701,0.632381974205364,0.7708207444251397,0.48084479371496425,2.64396498120564,5.739395276694818,5.0,0.02363160706544659,0.11391478180493711,-0.03481749589333229,-1.3461394836333074,0.3428655646203814,-0.07797475564494225,-0.4155626939629973,4.0,1.0,6.0,3.5,3.5,2.5,2.0,5.0
LIDC-IDRI-0671-S984-N3,LIDC-IDRI-0671,984,test,1,4,4.5,1.25,7.55780759236434,0.5380127731332921,0.5783904016260716,0.6432323983159367,2.981617635317231,6.823666004396914,10.5,1.0918572725234479,-0.1487652379139059,-0.15443410114728726,-0.5852649734500481,0.9844700896669617,0.914032402203867,0.6247664617609027,5.0,1.0,6.0,4.0,3.5,3.0,3.0,5.0
LIDC-IDRI-0672-S983-N0,LIDC-IDRI-0672,983,train,0,4,2.5,1.25,4.498211380806836,0.1917439491342064,0.40928985528072764,0.9415198335492114,1.9384703351689012,5.123506651975094,9.5,-1.0219947982831397,-1.1126167962908151,-0.259548674068565,0.8123743767616578,-0.9977089926396097,-0.641455728200985,0.435615706174739,3.5,1.0,6.0,4.5,4.5,1.0,1.0,5.0
LIDC-IDRI-0674-S981-N4,LIDC-IDRI-0674,981,train,0,3,1.0,1.0,4.542217321095422,1.0092690707182461,0.6187867400588042,0.687042735042735,1.9279275459454202,4.601223011833572,4.333333333333333,-0.9915914242511575,1.1629933881626644,-0.12932333744065655,-0.37998964729521717,-1.0177423055427632,-1.1192968210300374,-0.5416631976871065,5.0,1.0,3.0,4.0,5.0,1.0,1.0,5.0
LIDC-IDRI-0678-S977-N0,LIDC-IDRI-0678,977,val,1,4,5.0,2.5,6.022860489216412,0.25274857963139613,0.487966653117308,0.6777980070225899,2.534828344161261,6.040649320570576,4.0,0.031373833463326325,-0.9428082426536586,-0.21064239799707102,-0.4233062410795146,0.13548511218390222,0.1976447554424757,-0.604713449549161,5.0,1.0,6.0,3.0,4.0,2.0,2.5,4.0
LIDC-IDRI-0682-S973-N0,LIDC-IDRI-0682,973,val,1,3,4.0,1.25,6.008644512235934,0.483570940219259,0.4583732362144565,1.1145617667356797,2.4499212426177817,5.8155091377301416,9.0,0.021552121609583138,-0.30030601160834813,-0.22903795878178762,1.6231702283166347,-0.0258545956357251,-0.008337631788827661,0.3410403283816572,4.0,1.0,6.0,3.0,3.0,2.0,2.0,4.0
LIDC-IDRI-0686-S969-N3,LIDC-IDRI-0686,969,train,1,3,4.0,1.25,4.746239548622495,0.6677493675450074,1.2250261764442743,0.38366571699905033,2.1530712358148483,4.870421521931196,2.6666666666666665,-0.8506339977386133,0.21236117611918343,0.2475210951820145,-1.801476469347053,-0.5899262986288397,-0.8730051504386597,-0.8569144569973792,3.0,1.0,6.0,4.0,1.0,3.0,2.0,1.0
LIDC-IDRI-0686-S969-N4,LIDC-IDRI-0686,969,train,1,4,3.5,1.25,5.30483258014046,0.7840756278953194,0.5599168159593367,0.6088486676721971,2.21034187098682,5.197380514599226,4.5,-0.46470626258453673,0.5361594494488735,-0.1659174648007539,-0.746371507881136,-0.4811011547089431,-0.5738679951480152,-0.5101380717560791,3.5,1.0,6.0,4.0,1.0,1.5,1.0,1.0
LIDC-IDRI-0686-S969-N5,LIDC-IDRI-0686,969,train,0,4,2.5,1.25,4.949691378833676,0.7468228084972091,0.8662482862035069,0.47741147741147744,2.2848726548626463,4.964141127290916,3.75,-0.7100706544527464,0.4324649047996648,0.024501208367238854,-1.362226443393191,-0.33947843204497435,-0.7872604033268006,-0.6520011384457018,4.0,1.0,6.0,3.0,3.5,1.5,1.5,4.0
LIDC-IDRI-0686-S969-N11,LIDC-IDRI-0686,969,train,1,4,3.5,1.25,6.525624014612141,0.5284776350591329,0.6072367807233001,0.6477659289836792,2.7015649006027194,6.132100339978966,7.0,0.37872938164619435,-0.17530663308190286,-0.1365029064547638,-0.5640229092254075,0.45231641145208085,0.2813139568032444,-0.03726118279067005,4.0,1.0,6.0,4.0,1.0,1.5,1.0,1.0
LIDC-IDRI-0686-S969-N14,LIDC-IDRI-0686,969,train,1,4,3.5,1.25,5.24636411258165,0.7493939208803908,0.7183942055252128,0.5881155881155882,2.2583002490221293,5.165734745411722,4.25,-0.5051016882159353,0.4396216873499138,-0.06740635125369408,-0.8435172955229283,-0.389971077729955,-0.60282093904623,-0.5574257606526201,3.5,1.0,6.0,4.0,1.0,1.0,1.5,1.0
LIDC-IDRI-0686-S969-N15,LIDC-IDRI-0686,969,train,1,4,3.5,1.25,5.664763920022588,0.5696010358862127,0.7678560735264058,0.6496336996336997,2.368485169387558,5.527052126494964,5.25,-0.2160323999081563,-0.0608381876839892,-0.036660364660510175,-0.555271384858994,-0.18059868679062,-0.27224904483915824,-0.3682750050664564,3.5,1.0,6.0,4.5,1.5,1.5,1.5,1.0
LIDC-IDRI-0686-S969-N16,LIDC-IDRI-0686,969,train,1,4,4.0,1.25,5.329094573849964,0.779767435053731,0.5702888777961558,0.6642616642616643,2.3011109857292493,5.217211205539618,4.75,-0.4479438331335524,0.524167441805228,-0.15947008852756459,-0.48673139100521423,-0.3086225023303725,-0.5557247520857889,-0.4628503828595382,3.0,1.0,6.0,4.0,1.0,2.0,1.0,1.5
LIDC-IDRI-0688-S967-N2,LIDC-IDRI-0688,967,train,1,4,3.5,1.25,7.297765859924494,0.0781301034621264,0.5063222407255916,0.6173826173826173,2.92804917739729,7.307641456044258,20.25,0.9121963903006012,-1.4288649671181062,-0.19923238310437252,-0.7063852982082971,0.8826797895384677,1.356825055358647,2.468986328725998,4.5,1.0,6.0,4.0,3.5,2.0,2.0,5.0
LIDC-IDRI-0696-S959-N0,LIDC-IDRI-0696,959,train,0,4,2.5,1.25,3.5378620846227338,0.27404376421397936,0.8659947337083249,0.5659722222222222,1.7982597907031073,4.365862261365416,4.75,-1.685492922894496,-0.8835323407436992,0.02434359762723716,-0.9472710439652685,-1.2641358034259609,-1.3346300797595185,-0.4628503828595382,3.0,1.0,6.0,3.0,4.5,1.0,1.0,5.0
LIDC-IDRI-0697-S958-N0,LIDC-IDRI-0697,958,test,1,4,5.0,1.25,9.371594822357133,0.1939382592424667,0.5619694559374458,0.6078841407932345,3.6794643040792785,8.38335070309965,19.25,2.3449892634834746,-1.1065088562430143,-0.16464152347872266,-0.7508908424596135,2.3105120295548014,2.340999252429004,2.2798355731398345,5.0,1.0,6.0,3.5,3.5,4.0,2.0,5.0
LIDC-IDRI-0698-S957-N0,LIDC-IDRI-0698,957,train,1,3,5.0,1.25,6.655052973110098,0.06526046262648816,0.7804140687449502,0.7730810520665594,2.7688730678528106,6.922947622039753,22.666666666666668,0.46815087815274503,-1.464688069041985,-0.02885419056661383,0.02314680196368339,0.5802147832089286,1.0048658747197496,2.9261006547258934,5.0,1.0,6.0,3.0,4.0,3.0,4.0,5.0
LIDC-IDRI-0698-S957-N1,LIDC-IDRI-0698,957,train,1,4,5.0,1.25,7.771278756030958,0.04354491523474449,0.37496923212679506,0.7114852225963337,3.265101663428648,7.884239892905882,30.0,1.2393428981329997,-1.5251340657471204,-0.2808827130364236,-0.2654632597011395,1.5231438806172504,1.8843591498955237,4.313206195691094,5.0,1.0,6.0,3.5,2.5,3.0,4.5,5.0
LIDC-IDRI-0700-S955-N0,LIDC-IDRI-0700,955,train,0,3,2.0,1.25,5.051762417841104,0.17066456638171323,0.5753270650619774,0.602952602952603,2.151604006123637,5.535161393757297,8.333333333333334,-0.6395505392950027,-1.1712920061493484,-0.1563383014683867,-0.7739977874026157,-0.5927143152420683,-0.26482981736799677,0.21493982465754824,5.0,1.0,6.0,4.0,5.0,1.0,1.0,5.0
LIDC-IDRI-0701-S954-N3,LIDC-IDRI-0701,954,train,1,3,5.0,1.25,7.528037444324603,0.04787476402185153,1.214340868517469,0.5095585659421225,3.4152352868062525,7.6235452216025275,17.333333333333332,1.0712893005654809,-1.5130817780106982,0.24087900203960286,-1.2115997973528323,1.808426436367205,1.6458477031334717,1.9172966249330206,5.0,1.0,6.0,2.0,2.0,2.0,2.0,4.0
LIDC-IDRI-0702-S953-N4,LIDC-IDRI-0702,953,test,1,3,5.0,1.25,8.800184408382831,0.02933485657285453,0.46432261457499735,0.596011396011396,3.564014474834031,8.592510224310763,34.666666666666664,1.950206094940737,-1.5646882682528767,-0.22533976632155633,-0.8065211283586526,2.0911353062931344,2.532360816356294,5.195909721759857,5.0,1.0,6.0,3.0,3.0,4.0,3.0,3.0
LIDC-IDRI-0704-S951-N0,LIDC-IDRI-0704,951,train,0,4,1.0,1.25,4.418871538538235,0.2539967364926746,0.40654940756808966,0.7481481481481481,1.8984340946373093,4.977108560634287,7.75,-1.0768101001335681,-0.9393339537415119,-0.2612521634844936,-0.09367745382224041,-1.073785495454343,-0.7753964044500501,0.10460188389895267,5.0,1.0,3.0,4.5,5.0,1.5,1.0,5.0
LIDC-IDRI-0705-S950-N0,LIDC-IDRI-0705,950,test,1,4,3.5,1.25,6.635679899838773,0.14242994955172028,0.5126332458095596,0.7033020173947139,2.6307381068562603,6.656228430603343,15.5,0.4547661671579465,-1.2498840639542275,-0.19530939989442755,-0.3038060400187101,0.3177319773926626,0.7608425507651247,1.5705202396917208,5.0,1.0,6.0,4.0,4.5,2.0,1.5,5.0
LIDC-IDRI-0706-S949-N0,LIDC-IDRI-0706,949,test,1,4,3.5,5.0,7.00075044176525,0.6565379470878382,0.5872839489270961,0.7083283162753361,2.69667825897869,6.383572207564684,2.0,0.7069906659747124,0.18115378945797542,-0.1489057841400009,-0.2802550879110934,0.4430308591542391,0.5113873935097083,-0.9830149607214882,4.5,1.0,6.0,4.5,5.0,1.0,1.0,5.0
LIDC-IDRI-0708-S947-N0,LIDC-IDRI-0708,947,val,1,4,5.0,2.5,8.525169607410591,0.339988416259358,0.5515625893872921,0.5962835585345184,3.4792117181321047,7.623952066347184,7.75,1.760200431990299,-0.6999730618386799,-0.17111053470612647,-0.8052458984728502,1.9299938735994109,1.6462199283430257,0.10460188389895267,5.0,1.0,6.0,4.0,2.5,4.0,5.0,5.0
LIDC-IDRI-0708-S947-N1,LIDC-IDRI-0708,947,val,0,4,1.0,2.5,4.546819079872193,1.3436315327803074,0.2963547750460585,0.9941513770395398,1.8083013035239757,4.502060034018419,2.25,-0.9884121036326774,2.0937031656103415,-0.32975023747720006,1.0589818685822048,-1.245055011417576,-1.2100217491065441,-0.9357272718249473,5.0,1.0,3.0,5.0,5.0,1.0,1.0,5.0
LIDC-IDRI-0709-S946-N1,LIDC-IDRI-0709,946,test,1,4,4.5,3.0,8.637028360006743,0.2651660656760403,0.44302460860144927,1.0669190579820524,3.262532219176982,7.840754380143125,9.5,1.8374828050433272,-0.908243729634475,-0.23857881758643104,1.3999381486526998,1.5182614458469348,1.844573938673597,0.435615706174739,5.0,1.0,6.0,3.5,3.0,4.0,4.0,4.0
LIDC-IDRI-0709-S946-N4,LIDC-IDRI-0709,946,test,0,4,1.0,3.0,4.413516217389645,0.8708080023344122,0.53967779259623,1.6782407407407374,1.6276020664858042,4.564664032408168,2.75,-1.080510051341841,0.7775820912546805,-0.1784982419959501,4.264313709068071,-1.588418070301867,-1.1527448966324367,-0.8411518940318654,4.5,1.0,3.0,5.0,5.0,1.0,1.0,5.0
LIDC-IDRI-0713-S942-N0,LIDC-IDRI-0713,942,train,0,4,1.0,3.0,4.250013890956606,1.2472581675270182,10.858255529779964,0.6300194931773879,1.8610507833633727,4.3454218914916005,1.25,-1.1934725821511711,1.8254444837786354,6.235631785614913,-0.6471746416793125,-1.1448209260440747,-1.3533311225026678,-1.124878027411111,4.5,1.0,3.0,4.0,5.0,1.0,1.0,5.0
LIDC-IDRI-0713-S942-N5,LIDC-IDRI-0713,942,train,0,3,1.0,3.0,5.106475229684465,0.809146216689575,0.5505639737037304,1.0652271704903284,2.1464952763048224,5.05095680018371,3.0,-0.6017498680241147,0.6059443229459855,-0.17173128409670324,1.392010732827373,-0.6024218775226496,-0.7078321141340906,-0.7938642051353245,4.0,1.0,3.0,3.0,5.0,1.0,1.0,5.0
LIDC-IDRI-0713-S942-N6,LIDC-IDRI-0713,942,train,1,3,5.0,3.0,8.879515718635883,0.31449707016405476,0.3254439502870045,0.8066087355359128,3.5150885318351053,7.8776347433320355,9.0,2.0050155020856253,-0.7709291282131336,-0.3116681182991833,0.1802422884080402,1.9981666711053676,1.8783160506136647,0.3410403283816572,5.0,1.0,6.0,3.0,4.0,2.0,2.0,5.0
LIDC-IDRI-0715-S940-N0,LIDC-IDRI-0715,940,val,1,3,5.0,1.25,8.14253525270795,0.027617768471938555,0.4082201436608197,0.757705551356345,3.556545417768243,8.276012785822292,42.0,1.4958412266825565,-1.5694678439098024,-0.26021361739669546,-0.048895806217241156,2.0769426714866657,2.242795012909059,6.583015262725056,5.0,1.0,6.0,3.0,3.0,2.0,5.0,5.0
LIDC-IDRI-0717-S938-N0,LIDC-IDRI-0717,938,train,0,4,1.0,0.75,5.193912281162135,0.624270045787387,0.8209721681087193,0.5383155386936018,2.3856734903186405,5.210991838834503,7.75,-0.5413402650728782,0.09133494121515955,-0.0036428746645660627,-1.076857693049976,-0.14793759453191455,-0.5614148958212339,0.10460188389895267,5.0,1.0,3.0,4.0,5.0,1.0,1.0,5.0
LIDC-IDRI-0719-S936-N0,LIDC-IDRI-0719,936,train,1,4,4.0,3.0,6.989610912811809,0.3558158884854803,0.7988125643086832,0.5483749664249261,3.031740337072717,6.584162993541994,3.5,0.6992944489846755,-0.6559167312856425,-0.01741750366421776,-1.029723786699162,1.0797127950397198,0.6949093593841591,-0.6992888273422427,5.0,1.0,6.0,4.0,4.0,3.0,1.5,5.0
LIDC-IDRI-0720-S935-N0,LIDC-IDRI-0720,935,val,1,3,4.0,2.0,6.270637418111744,0.12832170213324293,0.5585085569352083,0.5711086279413616,2.785654221262569,6.446469367229999,9.0,0.2025610549224841,-1.2891548712513414,-0.16679285254540072,-0.92320418125579,0.6121021794194833,0.5689324613624438,0.3410403283816572,5.0,1.0,6.0,3.0,4.0,2.0,2.0,4.0
LIDC-IDRI-0722-S933-N0,LIDC-IDRI-0722,933,val,0,3,1.0,1.25,5.869877598563636,0.12373322132858311,0.28768047073194597,0.825925925925926,2.470113242387407,6.18754947883963,16.333333333333332,-0.07432089807764675,-1.3019270703857504,-0.3351422708743307,0.27075386293513914,0.01251406003505057,0.3320447763679351,1.7281458693468568,5.0,1.0,3.0,3.0,5.0,4.0,1.0,5.0
LIDC-IDRI-0724-S931-N3,LIDC-IDRI-0724,931,test,0,4,2.5,3.0,5.626309700206133,0.816399133680754,0.2487389041295971,1.2587668304391868,2.086851639764054,5.394560045402824,3.25,-0.2426001319125324,0.6261330747486737,-0.35934873401568473,2.2988496157980025,-0.7157561772203014,-0.39346701138911316,-0.7465765162387836,3.5,1.0,6.0,3.0,3.5,2.5,1.5,5.0
LIDC-IDRI-0726-S929-N1,LIDC-IDRI-0726,929,train,0,4,1.0,0.75,4.903854435817618,0.8937444719313022,0.5292661047130081,0.7817511143826806,2.0777598551952,4.8850981554015975,8.25,-0.7417390545337537,0.8414265682402418,-0.184970250211698,0.06377077344381668,-0.7330323041782656,-0.8595773919612016,0.19917726169203448,3.5,1.0,3.0,4.5,5.0,1.0,1.0,5.0
LIDC-IDRI-0727-S928-N0,LIDC-IDRI-0727,928,train,0,4,2.0,1.25,3.834522420571119,0.2747925681739582,0.6766586567303083,0.6172839506172839,1.8022147647276832,4.565045350417403,5.75,-1.4805325222044174,-0.8814480183510304,-0.09334958137343714,-0.7068476058267198,-1.2566205974895936,-1.1523960260183794,-0.27369962727337455,3.0,1.0,6.0,3.5,4.5,1.0,1.0,5.0
LIDC-IDRI-0729-S926-N0,LIDC-IDRI-0729,926,train,0,4,2.5,1.0,3.8951346760215957,1.585134215759919,0.43182411978121166,0.7538847117794487,1.7520823860738706,4.034371374945079,4.0,-1.4386559696004302,2.765934453006628,-0.24554115227010748,-0.06679852390744566,-1.3518816908171896,-1.637913497534282,-0.604713449549161,2.5,1.0,6.0,4.5,4.5,1.0,1.0,5.0
LIDC-IDRI-0730-S925-N0,LIDC-IDRI-0730,925,test,1,4,3.5,1.25,4.225706856004865,0.9194199323759281,0.7378770666692278,0.6717171717171717,1.8591711970838616,4.418083470739918,3.25,-1.2102661302585376,0.9128951234390277,-0.05529561197639262,-0.4517982715881498,-1.1483924989236742,-1.286852516308354,-0.7465765162387836,3.5,1.0,6.0,4.5,2.0,1.0,1.0,1.0
LIDC-IDRI-0732-S923-N1,LIDC-IDRI-0732,923,train,1,4,4.0,2.0,6.925010260707327,0.48138967100984176,0.1843075343352771,0.9064757033248139,2.6636412733053287,6.43695222240475,7.0,0.6546623430516509,-0.30637765185148463,-0.399399911052283,0.6481735100464457,0.38025427723250393,0.5602251564913266,-0.03726118279067005,5.0,1.0,6.0,4.5,4.0,2.0,1.0,5.0
LIDC-IDRI-0734-S921-N0,LIDC-IDRI-0734,921,train,1,4,3.5,1.25,6.090099954017764,0.12273877021511262,0.363266995498664,1.0147347252992138,2.361959792622363,6.337230742941881,18.25,0.07782907529339453,-1.3046951603465455,-0.2881569391224684,1.1554260834192596,-0.1929981488093584,0.4689892512040092,2.0906848175536705,5.0,1.0,6.0,4.0,5.0,2.0,2.0,5.0
LIDC-IDRI-0735-S920-N1,LIDC-IDRI-0735,920,train,0,4,2.5,1.0,3.8258737389587454,0.995883476793623,0.5231390295531896,0.7926835926835927,1.7125320763596774,4.137148486295819,4.25,-1.486507831451763,1.1257341125078555,-0.1887789007607364,0.11499539796325335,-1.4270348322796396,-1.5438819724565604,-0.5574257606526201,4.5,1.0,6.0,4.5,4.5,1.0,1.0,5.0
LIDC-IDRI-0740-S915-N0,LIDC-IDRI-0740,915,val,1,4,4.5,2.0,5.683347277334667,0.41729859806873865,0.4568205646819109,0.7894755143436735,2.375338396833419,5.657955650280966,4.25,-0.20319329774549538,-0.4847774275485699,-0.23000311477068222,0.09996380093025584,-0.16757624586828443,-0.15248446089751347,-0.5574257606526201,4.5,1.0,6.0,3.5,3.5,2.5,3.5,4.0
LIDC-IDRI-0741-S914-N1,LIDC-IDRI-0741,914,train,1,4,3.5,4.0,7.029445439670151,0.13985160297686083,0.6683620404208135,0.5520101687953419,2.902072279675001,6.91856037565251,5.0,0.7268158247698291,-1.2570609831337045,-0.0985068401695337,-1.012690880586631,0.8333187230035529,1.0008519511597045,-0.4155626939629973,4.5,1.0,6.0,3.0,2.5,1.5,2.0,5.0
LIDC-IDRI-0741-S914-N4,LIDC-IDRI-0741,914,train,0,3,2.0,4.0,5.039830856380108,0.18869741786348934,0.45971795754078415,0.8319116093915021,2.01477008250911,5.496056389476661,3.3333333333333335,-0.647793965603026,-1.1210969241839701,-0.228202066698823,0.298800055168675,-0.852724901570656,-0.3006072695881751,-0.7308139532732699,4.0,1.0,6.0,3.0,4.0,2.0,1.0,4.0
LIDC-IDRI-0748-S907-N2,LIDC-IDRI-0748,907,train,0,4,2.0,2.5,4.466042807859448,0.7602951667367162,0.48989927580033077,0.8609523809523809,1.8027524782270385,4.6594916612234245,2.5,-1.044219824017864,0.46996569200364136,-0.2094410606132814,0.4348719117061491,-1.2555988391525452,-1.0659864108196482,-0.8884395829284063,3.0,1.0,6.0,4.5,5.0,1.0,1.0,5.0
LIDC-IDRI-0748-S907-N5,LIDC-IDRI-0748,907,train,0,4,2.0,2.5,4.22462245322374,0.804981934481052,0.34490827391335166,1.026031746031746,1.6883425140182864,4.472680236056238,2.75,-1.2110153360052989,0.594352895655908,-0.2995689021262999,1.2083587880891586,-1.472999620259667,-1.236901539485468,-0.8411518940318654,3.5,1.0,6.0,5.0,5.0,1.0,1.0,5.0
LIDC-IDRI-0748-S907-N6,LIDC-IDRI-0748,907,train,0,3,2.0,2.5,3.799065345032887,0.918844167117974,0.5332085372573718,1.1558377425044093,1.5526505973280853,4.148980754339418,2.3333333333333335,-1.505029549710241,0.9112924604134364,-0.18251959513028018,1.816570690886055,-1.7308401753405813,-1.5330565445510118,-0.9199647088594335,3.0,1.0,6.0,5.0,4.0,1.0,1.0,5.0
LIDC-IDRI-0749-S906-N0,LIDC-IDRI-0749,906,test,0,4,1.0,3.0,6.565910278403035,0.7108567259485158,0.1948085349943082,1.1805472761186855,2.4315876224102393,6.063390421860164,4.25,0.40656285908931455,0.33235203782853345,-0.39287238513130895,1.9323483349483443,-0.060691975239905764,0.21845075405542952,-0.5574257606526201,5.0,1.0,3.0,5.0,5.0,1.0,1.0,5.0
LIDC-IDRI-0749-S906-N1,LIDC-IDRI-0749,906,test,1,4,3.5,3.0,5.110921241713119,0.8730449695983945,0.5100087172314541,0.7950310559006211,2.0931276128196417,5.028446355415022,2.0,-0.5986781516655637,0.7838087690090518,-0.1969408328292676,0.1259945436789541,-0.7038306298789655,-0.7284270834220877,-0.9830149607214882,4.0,1.0,6.0,5.0,5.0,1.0,1.0,4.5
LIDC-IDRI-0749-S906-N2,LIDC-IDRI-0749,906,test,1,4,4.5,3.0,7.568474467193237,0.5512040008829326,0.36633047485246056,0.8114990123985626,2.951768403825857,6.8212421169348625,5.0,1.0992269363244827,-0.11204698740392253,-0.286252650041877,0.20315590316128643,0.9277508494630957,0.9118147699735188,-0.4155626939629973,5.0,1.0,6.0,5.0,4.0,1.5,1.0,5.0
LIDC-IDRI-0749-S906-N4,LIDC-IDRI-0749,906,test,1,4,4.5,3.0,7.678413119011929,0.46210516066938895,0.48965579375830154,0.7960621135460375,3.005910257629575,6.967210522184141,5.25,1.1751827261541232,-0.3600567706630301,-0.20959241145995244,0.13082561119087824,1.030630711273379,1.0453623232990055,-0.3682750050664564,5.0,1.0,6.0,4.0,4.5,1.5,1.5,5.0
LIDC-IDRI-0749-S906-N5,LIDC-IDRI-0749,906,test,1,4,3.5,3.0,5.3900696895062215,0.8324687928337584,0.3728957450782449,1.2063067367415194,2.089245652442698,5.226259943552216,3.0,-0.40581658313541075,0.6708635412062892,-0.2821716131037305,2.0530454597821346,-0.7112070959412621,-0.5474459960070194,-0.7938642051353245,4.0,1.0,6.0,4.0,5.0,1.0,1.0,5.0
LIDC-IDRI-0751-S904-N0,LIDC-IDRI-0751,904,test,1,4,4.5,3.0,9.070178954441426,0.3463996583160281,0.42629175380823653,0.7876419791313408,3.459313410178151,7.974994091453765,8.5,2.1367433014311032,-0.6821271420816377,-0.24898012570373473,0.09137268826488058,1.8921832884653522,1.9673908247938503,0.2464649505885754,5.0,1.0,6.0,5.0,3.5,2.0,3.5,5.0
LIDC-IDRI-0751-S904-N2,LIDC-IDRI-0751,904,test,1,4,3.5,3.0,7.495515147661135,0.3082885903745867,0.9518084869508853,1.5471135471135469,2.849388640549606,6.961405126633343,9.5,1.0488198897687986,-0.7882106520047358,0.07768627580192547,3.6499112768876256,0.7332097475603949,1.0400509247770329,0.435615706174739,5.0,1.0,6.0,3.5,4.0,2.0,2.0,4.5
LIDC-IDRI-0751-S904-N3,LIDC-IDRI-0751,904,test,0,4,2.5,3.0,5.615261032046355,0.6725997480999846,0.6515983836756912,0.953805818202103,2.40274865316491,5.454296229933269,3.5,-0.25023357386182554,0.22586238250167945,-0.10892729508494114,0.8699409168794121,-0.11549152424439034,-0.33881394262798703,-0.6992888273422427,3.5,1.0,6.0,3.0,3.5,1.0,1.0,5.0
LIDC-IDRI-0751-S904-N4,LIDC-IDRI-0751,904,test,0,4,2.0,3.0,4.938728384342398,0.9258426168149623,9.993529901194893,0.725088725088725,2.01424807412657,4.892647617436148,1.75,-0.7176449051071594,0.9307728934733942,5.698109778103635,-0.20172342979781085,-0.8537168171865163,-0.8526703343557147,-1.030302649618029,3.5,1.0,6.0,4.5,3.0,1.0,1.0,3.5
LIDC-IDRI-0751-S904-N5,LIDC-IDRI-0751,904,test,0,3,2.0,3.0,4.376077692711822,1.1385138102683088,0.27570855855595744,1.2202678869345533,1.7188442432807223,4.447515216833672,2.0,-1.1063760471942399,1.522750706735689,-0.3425841299494639,2.1184610642602117,-1.4150405096819167,-1.2599251982068418,-0.9830149607214882,2.0,1.0,6.0,3.0,3.0,1.0,1.0,3.0
LIDC-IDRI-0751-S904-N6,LIDC-IDRI-0751,904,test,1,4,4.5,3.0,9.095264966820947,0.2677666688197101,0.33162750923870016,0.8255321762131382,3.599729019581822,8.083390261741828,9.75,2.1540750391997734,-0.9010048585059767,-0.30782435686618587,0.26890893073980116,2.1589997617953505,2.066563267673541,0.48290339507127994,5.0,1.0,6.0,4.0,3.5,2.0,3.5,5.0
LIDC-IDRI-0752-S903-N1,LIDC-IDRI-0752,903,val,1,3,4.0,1.25,6.487552742477454,0.31568346880100845,0.8256356278043134,0.5241083162122643,2.807051326389501,6.281947764579266,7.333333333333333,0.3524262253224443,-0.7676267455097833,-0.0007440219711107347,-1.1434262804314759,0.6527607654106364,0.41841045308488983,0.025789069071384438,1.0,1.0,6.0,3.0,1.0,2.0,1.0,1.0
LIDC-IDRI-0756-S899-N0,LIDC-IDRI-0756,899,train,1,3,4.0,1.25,6.994618917974064,0.0449688903560719,1.5271365425009182,0.29616782015402326,3.322235837558854,7.267462006153713,16.333333333333332,0.7027544421834033,-1.5211703804695078,0.4353158882176398,-2.211451846270783,1.6317097224975405,1.3200645850521953,1.7281458693468568,5.0,1.0,6.0,2.0,3.0,2.0,2.0,4.0
LIDC-IDRI-0759-S896-N1,LIDC-IDRI-0759,896,val,1,4,4.0,2.5,5.825393932245566,0.6758758735208192,0.28811329172394623,1.0731832304369266,2.3262707178946664,5.593294958630374,4.0,-0.10505432943970656,0.2349815938584548,-0.33487322506277817,1.4292892137171656,-0.2608142064093321,-0.21164299696237845,-0.604713449549161,4.5,1.0,6.0,3.0,5.0,1.5,2.5,5.0
LIDC-IDRI-0761-S894-N2,LIDC-IDRI-0761,894,train,1,4,3.5,1.0,5.559468959369152,0.7974055662224481,0.4185904192913522,0.7225806451612903,2.2709260615421423,5.356478311467904,7.0,-0.2887798983466704,0.5732638057732101,-0.25376735144700907,-0.2134751524183682,-0.36597962276406915,-0.4283082661436304,-0.03726118279067005,4.5,1.0,6.0,4.0,4.5,2.0,1.0,5.0
LIDC-IDRI-0763-S892-N1,LIDC-IDRI-0763,892,test,0,4,2.5,1.0,4.012124453299842,1.2129455945494532,0.3712776006297189,0.863329783457579,1.7350020842022962,4.190000180044693,4.75,-1.3578286100852561,1.7299342193707865,-0.2831774677050775,0.44601133931884174,-1.3843375262342035,-1.4955275742755547,-0.4628503828595382,3.0,1.0,6.0,5.0,5.0,1.0,1.0,5.0
LIDC-IDRI-0768-S887-N0,LIDC-IDRI-0768,887,train,1,4,3.5,2.0,6.180770210701869,0.44220716330414295,0.4721224569329608,1.120919946926146,2.5542791499820927,5.963413235699509,7.0,0.1404724754676592,-0.415443552376658,-0.22049130712949533,1.6529617709036784,0.1724453578046093,0.1269809008545214,-0.03726118279067005,4.5,1.0,6.0,3.5,4.0,2.5,1.0,5.0
LIDC-IDRI-0770-S885-N4,LIDC-IDRI-0770,885,test,1,4,3.5,1.0,5.712533138176386,0.3944531968414275,0.9055018318270217,0.5132497306614954,2.55160139385342,5.704269354018643,7.0,-0.18302900542957043,-0.5483684124959983,0.04890160075529845,-1.1943046771079107,0.16735710978343454,-0.11011171722709007,-0.03726118279067005,4.0,1.0,6.0,3.0,3.5,1.5,2.0,5.0
LIDC-IDRI-0771-S884-N0,LIDC-IDRI-0771,884,train,0,4,2.5,2.0,5.067844858892602,0.14158457629293042,0.3022277615834814,0.9520145383626613,2.0828852759224574,5.59753864383026,7.25,-0.6284393014159922,-1.2522371904167382,-0.3260995309301445,0.861547793686386,-0.723293025984145,-0.20776041857453828,0.01002650610587086,4.5,1.0,6.0,3.0,4.0,1.5,1.0,5.0
LIDC-IDRI-0772-S883-N0,LIDC-IDRI-0772,883,train,1,3,5.0,2.5,9.695572709111998,0.42048051821546367,0.20203203262335595,0.869919048642453,3.7152118919238544,8.336165318343037,13.666666666666666,2.568823155101379,-0.47592043991499683,-0.3883821875258881,0.4768856411618194,2.3784392732512183,2.297829001468147,1.2237438544504207,5.0,1.0,6.0,4.0,4.0,4.0,3.0,5.0
LIDC-IDRI-0772-S883-N1,LIDC-IDRI-0772,883,train,1,4,5.0,2.5,7.9110739180641145,0.3690313173651806,0.6730361885582037,0.5433889602053916,3.3480325774848803,7.188187230091673,6.0,1.3359263268992747,-0.6191311160714009,-0.09560134343489181,-1.0530859457098891,1.6807284548144448,1.2475355170978568,-0.22641193837683365,5.0,1.0,6.0,3.0,4.0,3.0,4.5,4.5
LIDC-IDRI-0773-S882-N4,LIDC-IDRI-0773,882,train,0,4,2.0,3.0,6.0524486337212,0.8663287249816627,0.20823018401215848,1.3020833333333317,2.217034942249694,5.659195386818971,3.75,0.05181606054430836,0.7651138638035674,-0.38452935528958737,2.5018110610599207,-0.4683830411196448,-0.15135021694152856,-0.6520011384457018,4.0,1.0,6.0,4.5,4.0,1.0,1.0,5.0
LIDC-IDRI-0775-S880-N0,LIDC-IDRI-0775,880,train,1,3,4.0,1.0,4.180567893800142,1.0583309870200042,0.3386124327013302,0.8533333333333334,1.7899841843219817,4.339839863612836,4.666666666666667,-1.2414523006329414,1.2995589730694126,-0.30348245932339074,0.39917251741154913,-1.2798610359599831,-1.3584381603204105,-0.47861294582505176,4.0,1.0,6.0,5.0,5.0,1.0,1.0,5.0
LIDC-IDRI-0775-S880-N1,LIDC-IDRI-0775,880,train,1,3,5.0,1.0,8.815662060950274,0.4139945972146639,0.22138390527793042,0.9464550264550264,3.3936045687760554,7.751060455843802,27.0,1.9608994889929732,-0.4939742311628825,-0.3763528719898029,0.8354984476788873,1.7673239412463035,1.762512316380198,3.7457539289326025,5.0,1.0,6.0,4.0,4.0,4.0,3.0,5.0
LIDC-IDRI-0775-S880-N2,LIDC-IDRI-0775,880,train,1,4,4.0,1.0,5.454110830787256,0.6590683559281261,0.6349977376705355,0.591702786377709,2.3393434965410584,5.351003960665179,6.0,-0.3615710390330995,0.18819727225228153,-0.1192464209113333,-0.8267093148440564,-0.23597343044526872,-0.4333167894230403,-0.22641193837683365,4.0,1.0,6.0,4.5,5.0,1.0,1.0,5.0
LIDC-IDRI-0775-S880-N3,LIDC-IDRI-0775,880,train,1,4,5.0,1.0,5.951218108187707,0.595330404146056,0.6268469559366382,0.5845061137692716,2.4626831984495365,5.728960053811314,7.0,-0.018123350159459997,0.010780421831283877,-0.12431302749215087,-0.8604296518078869,-0.0016044423779561657,-0.0875220167944913,-0.03726118279067005,5.0,1.0,6.0,4.0,4.0,1.5,1.5,5.0
LIDC-IDRI-0776-S879-N0,LIDC-IDRI-0776,879,train,1,3,4.0,1.0,6.06964453560772,0.5946743499403081,0.6497666637381319,0.6427757205393337,2.5595500051006597,5.802555998523717,7.666666666666667,0.06369658016153709,0.00895427167058824,-0.1100659103236804,-0.5874047579516928,0.1824609891161281,-0.02018855285594669,0.08883932093343909,3.0,1.0,6.0,4.0,5.0,1.0,1.0,5.0
LIDC-IDRI-0776-S879-N2,LIDC-IDRI-0776,879,train,1,4,4.5,1.0,7.067652280194241,0.4973953208447324,0.5734166594148774,0.6063566760037349,2.9013336536338383,6.521591758336291,10.75,0.7532126442768423,-0.2618253576021033,-0.15752582852280086,-0.7580478482322432,0.831915192468382,0.6376624821849132,0.6720541506574436,5.0,1.0,6.0,4.5,5.0,2.5,2.0,5.0
LIDC-IDRI-0777-S878-N1,LIDC-IDRI-0777,878,val,0,4,2.0,2.0,4.532270390602104,0.826108900115688,0.48004959993714696,0.8508235294117639,1.8800374345350939,4.667988997039581,3.0,-0.9984636839114499,0.6531605541552856,-0.2155637165960549,0.3874127169380295,-1.1087426628972632,-1.0582121366121937,-0.7938642051353245,2.5,1.0,5.5,4.0,4.5,1.0,1.0,5.0
LIDC-IDRI-0777-S878-N3,LIDC-IDRI-0777,878,val,0,3,2.0,2.0,4.824212320400841,0.6604041930956172,1.1987337482112272,0.4170135746606349,2.2724427469421506,4.929450853544192,2.0,-0.796763194634735,0.1919156224079614,0.23117746161896316,-1.6452235649072813,-0.3630976308594657,-0.8189987865416798,-0.9830149607214882,2.0,1.0,6.0,4.0,1.0,1.0,1.0,1.0
LIDC-IDRI-0785-S870-N0,LIDC-IDRI-0785,870,val,0,4,1.5,1.25,4.355975842809278,1.0596557223370768,0.7857240690059857,0.5239057239057239,2.0312356717444042,4.465777343260038,3.0,-1.1202642644965823,1.3032464208305221,-0.025553441859919993,-1.1443755359019572,-0.8214371375555343,-1.2432170462023244,-0.7938642051353245,4.0,1.0,5.0,3.0,3.0,1.5,1.0,5.0
LIDC-IDRI-0785-S870-N4,LIDC-IDRI-0785,870,val,1,4,5.0,1.25,8.853227459392764,0.3094678455467842,0.428306108510369,0.7335802358068563,3.4147710511684646,7.869747526307321,18.25,1.9868531409776282,-0.7849281533890085,-0.24772798288809766,-0.1619360699543655,1.8075442999993558,1.8710999785164255,2.0906848175536705,5.0,1.0,6.0,3.5,3.0,3.5,2.5,3.0
LIDC-IDRI-0788-S867-N0,LIDC-IDRI-0788,867,train,0,4,2.5,2.0,4.16380214657511,0.8454245421789566,0.5379689067695176,0.8121379310344816,1.7776071637181077,4.407857287790532,2.5,-1.2530356296213814,0.7069263292219462,-0.17956050233589754,0.20614958550142815,-1.3033797387728916,-1.2962085253050757,-0.8884395829284063,4.0,1.0,6.0,4.5,3.0,1.0,1.0,5.0
LIDC-IDRI-0788-S867-N3,LIDC-IDRI-0788,867,train,1,4,3.5,2.0,6.398115608647194,0.3488242578601989,0.7108138461611826,0.6367260325881008,2.5904173997258644,6.205461624084099,4.75,0.29063478047755065,-0.6753781832175411,-0.07211837764486007,-0.6157508461150524,0.24111493371501933,0.3484327280491527,-0.4628503828595382,4.0,1.0,6.0,3.5,1.5,2.5,1.0,4.0
LIDC-IDRI-0789-S866-N0,LIDC-IDRI-0789,866,val,0,4,2.5,1.25,4.26586996001391,0.22003057781757251,1.1802557928473987,0.37815503985847754,2.116373198633208,4.924878475303762,5.0,-1.182517742984806,-1.0338799616465175,0.2196913817185433,-1.827296997831444,-0.6596595775749797,-0.823182088577797,-0.4155626939629973,3.5,1.0,6.0,3.0,2.5,1.5,1.0,4.0
LIDC-IDRI-0791-S864-N0,LIDC-IDRI-0791,864,test,0,4,1.0,2.0,7.659834405802426,0.1499517807855074,0.2567781984027036,0.9303529922884761,2.862527931844576,7.315317321070777,15.75,1.1623468325670943,-1.2289467798152631,-0.35435142914370477,0.7600516339301813,0.7581769102588166,1.363847759978854,1.6178079285882616,5.0,1.0,3.0,5.0,5.0,1.0,1.0,5.0
LIDC-IDRI-0794-S861-N0,LIDC-IDRI-0794,861,test,0,3,2.0,1.5,5.470385661852452,0.1200522846896343,0.5039689528061755,0.8481141692150866,2.290388839265535,5.928680680336487,10.333333333333334,-0.3503268803368512,-1.3121730881322016,-0.20069521016174377,0.37471788645744947,-0.3289966282421971,0.09520383388203313,0.5932413358298755,4.0,1.0,6.0,3.0,5.0,1.0,1.0,5.0
LIDC-IDRI-0795-S860-N0,LIDC-IDRI-0795,860,test,0,4,2.5,2.5,5.366296540823786,0.533232218193261,0.5172749347329821,0.8668072668072668,2.131633832628243,5.351112162461674,3.75,-0.42224127322429594,-0.162072082219553,-0.192424080128384,0.462305245783352,-0.6306614586291759,-0.43321779481415446,-0.6520011384457018,4.5,1.0,6.0,4.0,4.5,5.0,5.0,5.0
LIDC-IDRI-0796-S859-N0,LIDC-IDRI-0796,859,train,1,4,5.0,1.25,8.013905537660127,0.30198724575764435,0.9498736898992888,0.4674653511862814,3.4986663819680173,7.322436652926392,11.25,1.4069719214801273,-0.8057506683387674,0.07648358680911423,-1.4088294703816904,1.9669614501855446,1.3703612883619711,0.7666295284505253,5.0,1.0,6.0,3.0,3.0,2.0,2.5,4.0
LIDC-IDRI-0797-S858-N0,LIDC-IDRI-0797,858,train,0,3,2.0,1.25,4.322723408868762,1.05673309027652,0.7447275701435857,0.6303030303030304,2.0357182646311607,4.437866696269943,3.6666666666666665,-1.1432381216608054,1.295111170785206,-0.051037271228443364,-0.6458461155758449,-0.8129193550205448,-1.268752699694552,-0.6677637014112154,3.0,1.0,6.0,2.0,4.0,1.0,1.0,5.0
LIDC-IDRI-0798-S857-N0,LIDC-IDRI-0798,857,train,0,3,2.0,3.0,5.229985042032297,0.9568581168165758,0.590987776863639,0.6575702778234421,2.1840740016013123,5.077068790118397,2.0,-0.516417865189828,1.0171056382615107,-0.14660344804388623,-0.5180841866273915,-0.5310151229714417,-0.6839420650355754,-0.9830149607214882,3.0,1.0,6.0,4.0,3.0,1.0,1.0,5.0
LIDC-IDRI-0798-S857-N2,LIDC-IDRI-0798,857,train,1,4,4.5,3.0,7.995231244598552,0.5474760143606578,0.29692199915925127,0.8898692606680388,3.023751349505305,7.102897878679866,5.75,1.3940699924902995,-0.12242397017009891,-0.3293976453555451,0.5703632673656173,1.0645321929879488,1.1695036705053508,-0.27369962727337455,5.0,1.0,6.0,4.0,5.0,4.5,1.5,5.0
LIDC-IDRI-0799-S856-N0,LIDC-IDRI-0799,856,val,1,4,4.0,1.25,5.140826983539406,0.5126867915905706,0.646560872749652,0.870495427673406,2.132054520137168,5.274984850146946,6.5,-0.578016498977635,-0.21926100618856115,-0.11205866172461766,0.47958629133726827,-0.6298620720226438,-0.5028672253434191,-0.13183656058375184,3.5,1.0,6.0,2.0,2.5,2.5,2.5,4.5
LIDC-IDRI-0800-S855-N0,LIDC-IDRI-0800,855,val,0,3,2.0,2.5,4.1836027508128355,1.297101850052184,0.2948749509987863,1.0158734099087618,1.5611656550132051,4.277435826566666,2.0,-1.2393555406890475,1.9641861427079181,-0.3306701107483957,1.1607614419687746,-1.714659939600453,-1.4155320667100617,-0.9830149607214882,3.0,1.0,6.0,5.0,5.0,1.0,1.0,5.0
LIDC-IDRI-0800-S855-N1,LIDC-IDRI-0800,855,val,0,4,2.0,2.5,6.666693769169823,0.42179758296531566,0.8713958601463198,1.7199368712737577,2.420105955852093,6.306909217147998,8.25,0.47619341682622635,-0.4722543434499235,0.027700991267256482,4.459682825903108,-0.0825093343782943,0.4412478671972896,0.19917726169203448,4.5,1.0,5.5,3.5,3.5,2.5,1.5,4.5
LIDC-IDRI-0801-S854-N1,LIDC-IDRI-0801,854,train,0,4,1.0,0.75,5.232887371505502,0.7164060129562486,0.47673788783709453,0.7957344341245141,2.15837704260048,5.17752417644872,9.75,-0.5144126675288027,0.3477986751218121,-0.2176223096080746,0.12929025435153424,-0.5798442524751052,-0.5920347030289097,0.48290339507127994,5.0,1.0,3.0,3.5,5.0,1.0,1.0,5.0
LIDC-IDRI-0806-S849-N3,LIDC-IDRI-0806,849,train,0,4,2.5,1.25,3.4083023007044533,0.3259713935148649,0.9082477458986198,0.45378185427608436,1.7576936730517227,4.213939381159753,3.75,-1.7750048057025531,-0.7389899420188023,0.05060848811404829,-1.472944117769487,-1.3412191739600436,-1.47362542543709,-0.6520011384457018,3.0,1.0,6.0,3.0,3.5,1.0,1.0,3.5
LIDC-IDRI-0806-S849-N4,LIDC-IDRI-0806,849,train,0,3,2.0,1.25,5.076561165812992,0.15579244809069678,1.1822446384095198,0.3630254834208679,2.287715744200191,5.585471318519664,5.666666666666667,-0.6224172703506343,-1.2126890751248671,0.22092766780032683,-1.8981872229323276,-0.3340760193529136,-0.2188009020795865,-0.28946219023888814,3.0,1.0,6.0,3.0,2.0,2.0,4.0,3.0
LIDC-IDRI-0807-S848-N3,LIDC-IDRI-0807,848,test,0,4,1.0,0.75,6.554214563112591,0.6042425529646922,0.4909689905510279,0.6685402796958476,2.701720323053059,6.111743522244961,14.0,0.3984823771313099,0.03558770430079125,-0.20877611533902143,-0.466683743706356,0.45261174378907676,0.2626893565191857,1.2867941063124753,5.0,1.0,3.0,4.5,5.0,1.0,1.0,5.0
LIDC-IDRI-0810-S845-N1,LIDC-IDRI-0810,845,train,0,4,2.5,1.25,4.398779742662407,0.15107801944817306,0.33293162924877645,0.8106908389020153,1.8397407053667698,5.1714281606402155,8.75,-1.0906913711842734,-1.2258118545350205,-0.30701370296316827,0.19936916947037753,-1.1853141438678483,-0.5976119921338289,0.2937526394851163,3.5,1.0,6.0,4.0,3.5,2.5,2.0,4.5
LIDC-IDRI-0810-S845-N2,LIDC-IDRI-0810,845,train,1,4,3.5,1.25,5.551407192315238,0.11277274833459494,0.7124736125123725,0.8776050302641405,2.271352852783544,6.006545168526938,14.75,-0.29434971272835375,-1.3324359358787392,-0.07108665045695296,0.5128986577713643,-0.3651686379001885,0.16644261922751774,1.428657173002098,4.5,1.0,6.0,3.5,4.5,1.5,1.5,5.0
LIDC-IDRI-0811-S844-N0,LIDC-IDRI-0811,844,train,1,4,4.0,2.0,8.933424008141895,0.04639633694320074,0.6308980060071278,0.5975323140902624,3.647787083971791,8.566171607690016,23.0,2.042260334908815,-1.5171970322436577,-0.12179485468168232,-0.7993947974965775,2.2503192618855046,2.5082634248579643,2.989150906587948,5.0,1.0,6.0,3.0,3.0,3.0,2.5,3.5
LIDC-IDRI-0814-S841-N0,LIDC-IDRI-0814,841,val,0,3,2.0,1.0,4.190121644433352,0.7754481378875449,0.41178855048861596,0.7323383084577114,1.917598560464205,4.463094851839786,5.0,-1.2348516859885337,0.5121445248800459,-0.2579954604018201,-0.16775517705792656,-1.0373693505050632,-1.2456712770708436,-0.4155626939629973,4.0,1.0,6.0,4.0,3.0,1.0,1.0,5.0
LIDC-IDRI-0815-S840-N0,LIDC-IDRI-0815,840,test,1,5,4.0,2.0,6.5062591821112115,0.06903378821671415,0.8361889739633729,0.9623406582997378,2.593679185632067,6.842204779613987,15.2,0.365350364137843,-1.4541848833713849,0.005816042430659221,0.9099312985020588,0.2473129498468903,0.9309936621947754,1.5137750130158716,4.0,1.0,6.0,3.0,3.0,2.0,1.0,3.0
LIDC-IDRI-0819-S836-N1,LIDC-IDRI-0819,836,train,0,3,1.0,1.25,3.667244093700445,0.2795345939870239,0.39693507490833285,0.7222222222222222,1.6815764636357002,4.44548212999788,6.0,-1.5961038633901985,-0.8682484212374335,-0.26722852780320805,-0.2151545594080334,-1.4858564081133934,-1.2617852841079966,-0.22641193837683365,4.0,1.0,3.0,5.0,5.0,1.0,1.0,5.0
LIDC-IDRI-0819-S836-N2,LIDC-IDRI-0819,836,train,1,4,5.0,1.25,7.99526901518011,0.10194217276488252,0.3981000617770061,0.7165699491357387,3.1114942423613146,7.672285750412602,26.5,1.3940960879017599,-1.3625832272820617,-0.26650436043766096,-0.24163854213976968,1.23126044585839,1.6904407666752685,3.6511785511395205,5.0,1.0,6.0,3.5,4.0,3.5,1.5,5.0
LIDC-IDRI-0822-S833-N3,LIDC-IDRI-0822,833,train,0,3,2.0,2.0,3.5372637283289023,0.31597121150636803,0.2947742808644002,1.025826814875806,1.507865232744052,4.356839727011648,4.333333333333333,-1.6859063227692956,-0.7668258034793418,-0.33073268830009855,1.207398573833395,-1.8159409208051205,-1.3428848619206524,-0.5416631976871065,5.0,1.0,6.0,5.0,5.0,1.0,1.0,5.0
LIDC-IDRI-0822-S833-N5,LIDC-IDRI-0822,833,train,0,4,1.0,2.0,4.514048063349144,0.21626505679939279,0.38842170392728814,0.8197246237592059,1.8476231887113455,5.095719382680507,5.0,-1.0110533531145554,-1.0443614230138947,-0.27252052344800837,0.24169737946649092,-1.1703359201788008,-0.6668785025441809,-0.4155626939629973,5.0,1.0,3.0,4.0,5.0,1.0,1.0,5.0
LIDC-IDRI-0822-S833-N6,LIDC-IDRI-0822,833,train,0,4,1.0,2.0,5.387680734613471,0.18402391075779995,0.14123660643711874,1.0172037376648329,2.102317064682931,5.734789196362435,7.75,-0.40746709414991267,-1.1341057970443122,-0.42617322603668323,1.1669947532013099,-0.6863689164098469,-0.08218889196958004,0.10460188389895267,5.0,1.0,3.0,4.5,5.0,1.0,1.0,5.0
LIDC-IDRI-0825-S830-N0,LIDC-IDRI-0825,830,train,0,3,1.0,1.0,5.624164097333877,0.4697283022775243,0.686077685029207,0.7511599511599512,2.333524084230251,5.554722325539218,7.333333333333333,-0.24408251284159543,-0.33883748550223686,-0.08749462017804169,-0.07956551376988755,-0.24703142518116056,-0.2469333789176279,0.025789069071384438,5.0,1.0,3.0,4.0,5.0,3.0,1.0,5.0
LIDC-IDRI-0826-S829-N0,LIDC-IDRI-0826,829,train,1,3,4.0,1.25,5.073575525709399,0.11329839429077108,1.1260133282285656,0.3437468366284562,2.575130739872642,5.756382610096989,8.0,-0.6244800267012347,-1.330972781708047,0.18597372896204675,-1.9885181996790864,0.21206736066844717,-0.06243292103004721,0.1518895727954936,3.0,1.0,6.0,2.0,3.0,3.0,3.0,4.0
LIDC-IDRI-0826-S829-N1,LIDC-IDRI-0826,829,train,1,3,4.0,1.25,4.829470270457773,0.13232184859915264,1.333577373793737,0.27085238755256835,2.4128168071068954,5.47245727659938,5.666666666666667,-0.7931305163832524,-1.2780203216249126,0.3149975936090481,-2.330068457606609,-0.09636010901817248,-0.3221982692297116,-0.28946219023888814,4.0,1.0,6.0,3.0,3.0,2.0,3.0,3.0
LIDC-IDRI-0827-S828-N1,LIDC-IDRI-0827,828,train,0,4,2.0,1.25,4.390520384229341,0.22977624299999114,0.41666602033743705,0.9002146130247795,1.8288517749470594,4.997788532855499,8.5,-1.0963976999675682,-1.0067525568024749,-0.25496357687940857,0.6188368865587235,-1.2060051911471468,-0.7564761477803583,0.2464649505885754,4.0,1.0,6.0,5.0,5.0,1.0,1.0,5.0
LIDC-IDRI-0827-S828-N2,LIDC-IDRI-0827,828,train,0,3,2.0,1.25,4.149382706061353,0.19991806837881354,0.6475535970340766,0.5764312000164135,1.9090401700368875,4.879981733919733,6.333333333333333,-1.2629979129039723,-1.0898638453283742,-0.1114415744860421,-0.8982650276148975,-1.0536319267307113,-0.8642584431072912,-0.16336168651477917,3.0,1.0,6.0,4.0,4.0,2.0,1.0,5.0
LIDC-IDRI-0828-S827-N0,LIDC-IDRI-0828,827,val,1,4,3.5,1.25,4.395124081179282,0.768420236134888,1.352656334524956,0.3761655011655011,2.1001812968883407,4.59354758685716,2.25,-1.093217040279784,0.49258211097807697,0.32685726439301027,-1.8366190719037159,-0.6904272830916172,-1.1263191230452074,-0.9357272718249473,4.0,1.0,6.0,3.5,3.5,2.0,1.0,3.0
LIDC-IDRI-0829-S826-N0,LIDC-IDRI-0829,826,test,1,3,5.0,1.25,8.79955911474002,0.122127500652076,0.8930850136207765,0.8577770763184202,3.533266289295241,8.146849038124646,28.666666666666668,1.9497740842535995,-1.3063966508651454,0.04118318368924652,0.4199938773636617,2.03270788172404,2.1246221627370425,4.061005188242875,5.0,1.0,6.0,3.0,2.0,2.0,3.0,5.0
LIDC-IDRI-0835-S820-N1,LIDC-IDRI-0835,820,train,0,4,2.0,2.0,5.40696517485513,0.1366277285546229,0.3018080740065033,0.8393931689126197,2.24522536273531,5.843435119972568,7.75,-0.3941436190504239,-1.2660347519818458,-0.3263604128809593,0.33385524272455563,-0.41481585861333115,0.017212052037052943,0.10460188389895267,4.0,1.0,4.0,3.5,3.5,1.5,1.0,4.5
LIDC-IDRI-0837-S818-N1,LIDC-IDRI-0837,818,train,0,4,2.5,1.25,4.19116335663548,0.1704000494581245,0.2916676177170268,0.8904761904761904,1.7423298488026626,4.964346952442938,8.25,-1.2341319748425552,-1.1720282983921024,-0.3326638208540971,0.5732070645977256,-1.3704133740949538,-0.7870720924014438,0.19917726169203448,3.5,1.0,6.0,4.0,4.0,1.0,1.5,5.0
LIDC-IDRI-0838-S817-N0,LIDC-IDRI-0838,817,train,1,4,4.0,1.25,7.1384385069721,0.12980873653496217,0.30095497514230796,0.8427343236017535,2.7510438140190323,7.017018174529845,20.5,0.8021183173502152,-1.2850156582292043,-0.3268907075766747,0.349510375046927,0.5463357960348024,1.0909317059081787,2.5162740176225387,5.0,1.0,6.0,4.0,5.0,1.5,1.0,5.0
LIDC-IDRI-0838-S817-N1,LIDC-IDRI-0838,817,train,0,4,2.5,1.25,3.994797214515554,0.20471159446779705,0.6251049893227985,0.5979585677010988,1.8693527718478318,4.774562521764184,6.0,-1.3697998693799205,-1.0765208953693581,-0.12539585117672336,-0.7973975668079673,-1.1290455624754734,-0.9607072453863276,-0.22641193837683365,3.5,1.0,6.0,4.0,4.5,1.0,1.0,5.0
LIDC-IDRI-0838-S817-N4,LIDC-IDRI-0838,817,train,0,4,2.0,1.25,4.549389968437309,0.17871561000670616,0.6427408747459092,0.5276763173929779,2.1211821277165575,5.196302843910268,7.0,-0.9866358960087253,-1.148881640541238,-0.11443321028404999,-1.1267082485510271,-0.6505216939453564,-0.5748539638825175,-0.03726118279067005,5.0,1.0,6.0,3.5,4.5,1.0,1.0,5.0
LIDC-IDRI-0843-S812-N1,LIDC-IDRI-0843,812,train,0,3,1.0,0.75,4.906110271872991,0.9770094509168773,0.5109648353927522,0.7658119658119533,2.075528765494636,4.856389944978553,7.666666666666667,-0.7401805143253967,1.0731975917663996,-0.19634650031905873,-0.010912832434176019,-0.7372718006852103,-0.8858427420265355,0.08883932093343909,5.0,1.0,3.0,4.0,5.0,1.0,1.0,5.0
LIDC-IDRI-0843-S812-N3,LIDC-IDRI-0843,812,train,0,4,1.0,0.75,5.904137974436673,0.6664295755292978,0.5870438257593359,0.6805522682445648,2.3981307553974953,5.651188238530902,10.5,-0.05065066139338654,0.20868748821282315,-0.14905504707718903,-0.4104010248018529,-0.12426641189208698,-0.15867601502200915,0.6247664617609027,4.5,1.0,3.0,4.0,5.0,1.0,1.0,5.0
LIDC-IDRI-0843-S812-N5,LIDC-IDRI-0843,812,train,0,4,1.0,0.75,5.6571670870419055,0.4857695460299434,0.7522644204111328,0.5275560061945969,2.5367683376818375,5.588861912119978,9.5,-0.22128099482637656,-0.2941861143204241,-0.046352290522190025,-1.1272719721453415,0.13917147035762364,-0.2156988233874905,0.435615706174739,5.0,1.0,3.0,3.5,4.5,3.0,1.5,5.0
LIDC-IDRI-0844-S811-N1,LIDC-IDRI-0844,811,train,1,3,5.0,1.25,6.658211264954511,0.09291524125862693,0.4244053677890179,0.8354999531327448,2.6775522078141147,6.812661766401953,18.0,0.4703329182959202,-1.3877100114354308,-0.25015272191977467,0.3156134030420932,0.40668770939949644,0.9039645449992292,2.04339712865713,4.0,1.0,6.0,3.0,4.0,4.0,3.0,4.0
LIDC-IDRI-0849-S806-N1,LIDC-IDRI-0849,806,train,0,4,2.5,1.25,4.413035007745812,0.20723396326029642,0.30059923993068904,0.8568181818181817,1.8793762226438693,5.049493660488849,8.25,-1.0808425154749404,-1.0694997923333591,-0.3271118361043497,0.4155009335519763,-1.1099990917636098,-0.7091707512596269,0.19917726169203448,4.0,1.0,6.0,4.0,5.0,1.0,1.0,5.0
LIDC-IDRI-0849-S806-N4,LIDC-IDRI-0849,806,train,0,4,1.0,1.25,4.912778743529513,0.13183168475805043,0.5334078341200181,1.1306818181818181,1.924515854942925,5.523223197353975,13.0,-0.7355733172818761,-1.2793847100692723,-0.18239571022834242,1.6987014628486579,-1.0242251699852802,-0.27575215989862983,1.0976433507263117,4.5,1.0,4.0,3.5,5.0,1.5,1.0,5.0
LIDC-IDRI-0850-S805-N0,LIDC-IDRI-0850,805,test,1,4,5.0,1.25,7.764392261258279,0.32058242126872166,0.45017806447623965,0.7089457474893067,3.103936232572424,7.133355164127822,12.75,1.2345850705540404,-0.7539903374846928,-0.2341321586285459,-0.2773620858641937,1.2168987838905387,1.197369262004855,1.0503556618297707,5.0,1.0,6.0,3.0,2.0,2.0,2.5,3.0
LIDC-IDRI-0850-S805-N2,LIDC-IDRI-0850,805,test,0,4,2.5,1.25,4.353552209765404,0.6562168150388167,1.5779503398485917,0.30022735073990897,2.211652437626638,4.611424006282478,2.0,-1.1219387343855554,0.1802599070046854,0.46690224747044135,-2.192430730997239,-0.47861082781163294,-1.1099638571752106,-0.9830149607214882,2.0,1.0,6.0,3.5,3.0,1.0,1.0,5.0
LIDC-IDRI-0851-S804-N0,LIDC-IDRI-0851,804,train,0,4,2.5,2.0,4.3807631481741,0.2626973745014298,0.5638149526233183,0.7570441254651781,1.8721657010875212,4.946388279598724,4.75,-1.1031389011635986,-0.9151154191164189,-0.16349434447690595,-0.05199494732595319,-1.123700459729075,-0.8035026125213409,-0.4628503828595382,4.5,1.0,6.0,4.0,5.0,1.0,1.0,5.0
LIDC-IDRI-0852-S803-N0,LIDC-IDRI-0852,803,train,0,3,2.0,2.0,4.30434053826823,0.5791492836523956,0.6406795485058907,0.7131428571428616,1.9614143355912785,4.628633429347542,3.0,-1.1559387090584223,-0.034260301223068494,-0.1157145510724379,-0.25769633760907784,-0.9541110101732766,-1.094218831115923,-0.7938642051353245,2.0,1.0,6.0,3.0,3.0,2.0,1.0,4.0
LIDC-IDRI-0854-S801-N1,LIDC-IDRI-0854,801,val,0,3,2.0,1.25,4.935173068140121,0.15445769623326072,0.4544048111162308,0.7878787878787877,2.1036300322500394,5.488845367460928,10.333333333333334,-0.7201012464008788,-1.2164044042814985,-0.23150477109189202,0.0924822664261173,-0.6838740272921742,-0.30720468596422423,0.5932413358298755,5.0,1.0,6.0,3.0,4.0,1.0,1.0,5.0
LIDC-IDRI-0854-S801-N3,LIDC-IDRI-0854,801,val,0,3,2.0,1.25,3.9769181371669338,0.24790433933882342,0.6510381752961446,0.6419753086419753,1.88266744509459,4.690797867428978,6.0,-1.3821523897990293,-0.9562923573978748,-0.1092755261571383,-0.5911551243164407,-1.1037451405755958,-1.0373441355579915,-0.22641193837683365,5.0,1.0,6.0,3.0,5.0,1.0,1.0,5.0
LIDC-IDRI-0855-S800-N1,LIDC-IDRI-0855,800,train,0,4,2.5,3.0,6.005523560527172,0.7031404673774407,0.6336521115398694,1.4483637909052272,2.27994792570471,5.701753891650081,4.25,0.01939587948602047,0.31087355829729646,-0.12008287542962805,3.187214800944464,-0.348836357930895,-0.11241313200400761,-0.5574257606526201,4.0,1.0,6.0,2.0,4.5,2.5,2.0,5.0
LIDC-IDRI-0855-S800-N14,LIDC-IDRI-0855,800,train,0,3,1.0,3.0,4.648973425537338,1.224566254536698,0.37418955701526774,1.324563711304043,1.7206361208196927,4.608455438206804,2.3333333333333335,-0.9178344325300473,1.762280738785147,-0.28136736680092517,2.607143894925105,-1.4116356001592663,-1.1126798216519707,-0.9199647088594335,5.0,1.0,3.0,5.0,5.0,1.0,1.0,5.0
LIDC-IDRI-0855-S800-N15,LIDC-IDRI-0855,800,train,0,3,1.0,3.0,4.6369395859736136,1.5473016658695133,0.4746328228458124,1.5355958958168905,1.7146080834552238,4.546372469885093,2.3333333333333335,-0.9261485220119999,2.660626207961339,-0.21893083883705924,3.595944797670575,-1.4230900223386782,-1.1694799799354645,-0.9199647088594335,5.0,1.0,5.0,4.0,4.0,1.0,1.0,5.0
LIDC-IDRI-0857-S798-N0,LIDC-IDRI-0857,798,train,0,4,2.5,1.25,4.492963917410691,0.17085831094333795,0.47987690104448355,0.6614583333333333,2.0635116174736488,5.167763887607541,8.5,-1.025620231379351,-1.1707527112873612,-0.21567106793665447,-0.49986652562473627,-0.760106676865013,-0.6009644621248144,0.2464649505885754,4.0,1.0,6.0,3.5,4.5,1.0,1.0,5.0
LIDC-IDRI-0858-S797-N2,LIDC-IDRI-0858,797,val,0,4,1.0,1.25,6.116103831401444,0.14415665887758972,0.20181224785565866,1.0105820105820105,2.3644696696683365,6.3065505161346564,16.5,0.0957949591080146,-1.2450777072762504,-0.38851880791234106,1.1359683496584403,-0.18822890310553242,0.4409196890369173,1.7596709952778844,5.0,1.0,3.0,4.0,5.0,1.0,1.0,5.0
LIDC-IDRI-0858-S797-N10,LIDC-IDRI-0858,797,val,1,4,3.5,1.25,6.011604858336755,0.15152376505772383,0.5225566935782278,0.6680404715492434,2.4950997414584437,6.207964174191611,12.25,0.02359740252341281,-1.2245711058142918,-0.18914088656520445,-0.4690256175191237,0.0599931799940812,0.3507223293047254,0.955780284036689,4.5,1.0,6.0,4.5,5.0,1.5,1.5,5.0
LIDC-IDRI-0858-S797-N12,LIDC-IDRI-0858,797,val,0,3,2.0,1.25,4.083050555603342,0.24677615915474924,0.9733819069890577,0.430976430976431,1.9962512511728696,4.76485862285864,5.0,-1.308826298060503,-0.9594326869718495,0.09109652717469562,-1.5797999663133713,-0.8879142176895203,-0.969585412920872,-0.4155626939629973,3.0,1.0,6.0,3.0,3.0,1.0,1.0,5.0
LIDC-IDRI-0860-S795-N0,LIDC-IDRI-0860,795,train,0,4,1.0,2.0,5.784874553609853,0.7537951494058204,0.18458323638643964,0.9946264262053723,2.2580032941906403,5.528484296522671,5.0,-0.13304886418038597,0.4518726631207484,-0.3992285319291057,1.0612077330640042,-0.3905353486198703,-0.2709387420868625,-0.4155626939629973,5.0,1.0,3.0,5.0,5.0,1.0,1.0,5.0
LIDC-IDRI-0860-S795-N1,LIDC-IDRI-0860,795,train,1,4,3.5,2.0,5.987932008882988,0.627789773098751,0.4148256936599058,0.7264962406015023,2.4253372671358013,5.722605692593804,4.5,0.007242008419214005,0.10113222707803261,-0.25610754215288123,-0.19512845181909544,-0.07256884390477579,-0.09333566798904684,-0.5101380717560791,4.0,1.0,6.0,4.0,4.5,2.0,1.0,5.0
LIDC-IDRI-0861-S794-N0,LIDC-IDRI-0861,794,train,0,4,1.0,3.0,4.9147346766512285,1.0466112740256073,9.765263896395602,1.0538922155688621,1.9691371585929776,4.8429269408217115,2.25,-0.7342219777606414,1.2669367360949129,5.556217370743093,1.3389002857891736,-0.9394361716263647,-0.8981601422371263,-0.9357272718249473,4.0,1.0,3.0,5.0,5.0,1.0,1.0,5.0
LIDC-IDRI-0861-S794-N1,LIDC-IDRI-0861,794,train,1,3,4.0,3.0,8.308933909844782,0.18888462098068373,0.9599501009755852,0.8103897016782909,3.384812483461122,7.66818239806933,9.333333333333334,1.610804810648126,-1.120575837664667,0.08274718364398806,0.19795817730652204,1.7506173001049825,1.6866865798364077,0.40409058024371186,5.0,1.0,6.0,3.0,3.0,2.0,4.0,5.0
LIDC-IDRI-0863-S792-N0,LIDC-IDRI-0863,792,train,1,3,4.0,0.75,5.576396709698275,0.5329143241460541,0.7258546220311305,0.7935334632878365,2.4005266150964704,5.503373689004241,11.666666666666666,-0.27708464262889104,-0.16295695157989704,-0.06276888253001021,0.11897750534954135,-0.11971382092168964,-0.29391261914523004,0.8454423432780934,5.0,1.0,6.0,3.0,4.0,1.0,1.0,5.0
LIDC-IDRI-0863-S792-N1,LIDC-IDRI-0863,792,train,0,5,1.0,0.75,4.491251116477686,0.49468922438135243,1.000165805707622,0.6902346907993854,2.1205686805876014,4.879455995867775,8.8,-1.0268035926952772,-0.26935787312927056,0.10774566365482834,-0.36503359335972235,-0.651687360641656,-0.8647394446665613,0.3032101772644246,5.0,1.0,3.0,3.0,5.0,1.0,1.0,5.0
LIDC-IDRI-0865-S790-N0,LIDC-IDRI-0865,790,test,1,5,5.0,2.5,8.585403285910077,0.3283958530251476,0.6047810278994254,0.66118730320411,3.354902509275021,7.672872513166937,7.6,1.8018154286187664,-0.732241372944002,-0.13802942671067492,-0.5011364496273988,1.6937826371809748,1.6909776001776295,0.07622927056102806,5.0,1.0,6.0,3.0,3.0,3.0,5.0,5.0
LIDC-IDRI-0866-S789-N1,LIDC-IDRI-0866,789,val,0,4,2.0,1.25,4.62237252419895,0.841950747943522,0.8802666588374538,0.5123321123321123,2.2024495664021213,4.720686781053736,3.5,-0.9362127957163604,0.6972568997057816,0.03321516751352891,-1.1986042195429394,-0.4960980406298075,-1.009998551564479,-0.6992888273422427,4.0,1.0,6.0,3.5,4.0,1.0,1.0,5.0
LIDC-IDRI-0867-S788-N0,LIDC-IDRI-0867,788,train,0,4,1.0,1.25,4.423634148229979,0.2666689583975503,0.7513844386542347,0.5833333333333334,2.047854041272142,5.0006966074336505,6.75,-1.0735196488245657,-0.904060374416494,-0.04689929589002582,-0.8659247679033533,-0.7898590618079968,-0.7538155292435118,-0.08454887168721095,5.0,1.0,3.0,3.0,5.0,2.5,1.0,5.0
LIDC-IDRI-0867-S788-N1,LIDC-IDRI-0867,788,train,1,4,3.5,1.25,5.688493874748136,0.1263774446639593,1.4937393868610918,0.3646153846153846,2.7957517461969443,6.1167870720939845,8.5,-0.19963755220006194,-1.2945667809058472,0.41455588579460523,-1.8907376685430608,0.6312894051402824,0.2673037368795246,0.2464649505885754,4.5,1.0,6.0,2.5,3.5,2.5,1.5,4.0
LIDC-IDRI-0869-S786-N1,LIDC-IDRI-0869,786,train,1,4,4.5,1.0,8.558021849793684,0.6344087758109003,0.45384746552773225,0.7148139730358456,3.2540826757753516,7.437286181927399,19.0,1.7828977998095612,0.11955645599164386,-0.2318512226248453,-0.2498662480547793,1.502205699756836,1.4754379559632624,2.2325478842432935,5.0,1.0,6.0,4.5,4.5,1.5,1.5,5.0
LIDC-IDRI-0870-S785-N8,LIDC-IDRI-0870,785,train,0,3,2.0,2.0,4.029358349739882,1.072488891540242,0.5048905544618023,0.9519327731092497,1.7587628150427024,4.237639751109519,2.6666666666666665,-1.3459218403160196,1.338968002671277,-0.20012233345301383,0.8611646788711119,-1.339187600000897,-1.4519417849650655,-0.8569144569973792,2.0,1.0,6.0,5.0,4.0,1.0,1.0,5.0
LIDC-IDRI-0871-S784-N3,LIDC-IDRI-0871,784,train,0,3,2.0,1.25,3.550565611068903,1.3018624090110178,0.6423369856900357,0.6831740201994408,1.6341829992205998,3.8523694976202965,2.6666666666666665,-1.6767161517691613,1.9774373274903783,-0.1146842717178139,-0.3981166867245096,-1.5759130413312474,-1.8044283359738846,-0.8569144569973792,2.0,1.0,6.0,3.0,4.0,1.0,1.0,5.0
LIDC-IDRI-0871-S784-N5,LIDC-IDRI-0871,784,train,0,3,2.0,1.25,5.024299046887225,0.7360634773685218,0.6714079017260318,0.7746025136090301,2.246115891955497,5.027166421457695,5.333333333333333,-0.6585247762687877,0.402515924825927,-0.0966135026422757,0.030275679249204438,-0.41312368302874497,-0.7295981042887424,-0.3525124421009428,5.0,1.0,6.0,3.0,4.0,1.0,1.0,5.0
LIDC-IDRI-0871-S784-N7,LIDC-IDRI-0871,784,train,0,4,2.0,1.25,4.52178777513249,0.7236269216261668,0.9770995980320704,0.46610604483320695,2.2110420976340976,4.693030147707904,3.5,-1.0057060443033892,0.36789833062650856,0.09340748071497255,-1.4151985621490453,-0.47977059035536634,-1.0353018061300707,-0.6992888273422427,4.0,1.0,6.0,2.5,4.5,1.0,1.0,4.5
LIDC-IDRI-0874-S781-N0,LIDC-IDRI-0874,781,test,0,4,2.5,1.25,7.078449819806078,0.07185701830841082,0.47491093399722645,0.9569879598958206,2.776355866099562,7.204171823801344,26.5,0.7606725833962201,-1.4463263222335054,-0.21875796219332663,0.8848509865764846,0.5944335288834098,1.2621599378907193,3.6511785511395205,4.5,1.0,6.0,4.0,4.5,2.0,1.5,5.0
LIDC-IDRI-0875-S780-N1,LIDC-IDRI-0875,780,train,1,4,5.0,1.0,7.241081363276081,0.4987638342073937,0.22393719402104773,0.9980666766631678,2.8453896755583856,6.640995714853501,16.5,0.873033496788623,-0.25801605209770667,-0.3747657224413362,1.0773271831194131,0.725610950386356,0.74690602857445,1.7596709952778844,5.0,1.0,6.0,4.0,3.0,2.0,2.0,5.0
LIDC-IDRI-0879-S776-N0,LIDC-IDRI-0879,776,test,0,4,1.0,1.25,6.911965458899344,0.5644238636844903,0.8630787541408509,0.4576923076923077,2.9162626858179443,6.375278459132347,7.0,0.6456497873389381,-0.0752490302108606,0.022530995873389286,-1.4546215103575817,0.8602832046467279,0.5037993828772421,-0.03726118279067005,5.0,1.0,3.0,3.5,5.0,1.5,1.5,5.0
LIDC-IDRI-0879-S776-N7,LIDC-IDRI-0879,776,test,0,4,2.5,1.25,5.5163207768178655,0.68717960723696,0.8762017375595623,0.4833333333333333,2.561639573358588,5.378601171734831,5.25,-0.31859065399247743,0.26644593775159336,0.030688372223278547,-1.3344793180199843,0.186431567855419,-0.4080679007291813,-0.3682750050664564,4.0,1.0,6.0,3.0,4.0,1.0,1.0,5.0
LIDC-IDRI-0880-S775-N2,LIDC-IDRI-0880,775,val,0,4,2.5,1.25,5.022312813049929,0.748532418690179,0.7520783337092043,0.5600022417471249,2.324439637954904,5.0191773580870045,4.25,-0.659897050327114,0.4372236654344814,-0.04646796385750617,-0.9752436591224116,-0.2642936079800521,-0.7369073563470623,-0.5574257606526201,3.5,1.0,6.0,3.0,4.0,1.0,1.0,5.0
LIDC-IDRI-0884-S771-N1,LIDC-IDRI-0884,771,train,1,4,5.0,1.25,8.060839039322278,0.3354562223060369,0.26223109181464876,0.9890269433938896,3.058778510565422,7.314884794914006,18.5,1.439397925703815,-0.7125885845251418,-0.3509618566404244,1.0349711015678034,1.1310904882124821,1.3634520386589735,2.1379725064502115,5.0,1.0,6.0,3.5,3.5,4.0,3.5,5.0
LIDC-IDRI-0886-S769-N2,LIDC-IDRI-0886,769,train,1,4,4.0,3.0,7.0555824359868975,0.5986733960223903,0.5833817467404905,0.743859649122807,2.7883194143237584,6.448244715329657,3.75,0.7448736794567042,0.020085758339587968,-0.15133143163294188,-0.11377141113718357,0.6171665552132446,0.5705567402233758,-0.6520011384457018,4.5,1.0,6.0,4.0,3.5,2.0,2.0,3.5
LIDC-IDRI-0890-S765-N2,LIDC-IDRI-0890,765,test,1,4,5.0,1.25,8.143767904542486,0.22394577411588756,0.7576298796080692,0.8141309151860446,3.2900743066681266,7.512010755163394,18.0,1.4966928565882205,-1.0229818738259044,-0.043017067992153345,0.21548780342667997,1.5705966718502435,1.543804010329042,2.04339712865713,5.0,1.0,6.0,3.5,4.5,2.0,2.0,5.0
LIDC-IDRI-0892-S763-N0,LIDC-IDRI-0892,763,val,1,4,3.5,3.0,7.777962197214386,0.6169940219968054,0.28777569680550225,0.9923878205128205,2.888534569014025,6.922111870869293,5.5,1.2439604375103641,0.07108187081642789,-0.33508307740471055,1.0507186442323826,0.8075944874227399,1.0041012399084481,-0.3209873161699155,5.0,1.0,6.0,4.5,4.5,1.0,2.0,5.0
LIDC-IDRI-0892-S763-N1,LIDC-IDRI-0892,763,val,1,4,4.0,3.0,8.014107139744219,0.5886921548535055,0.3302897915680032,0.8349087149064176,3.0276147303301006,7.092190244776597,5.75,1.4071112068476952,-0.007697380621807113,-0.30865589540750665,0.31284312943060805,1.0718733543529884,1.1597071785368005,-0.27369962727337455,5.0,1.0,6.0,4.0,5.0,2.0,1.5,5.0
LIDC-IDRI-0892-S763-N2,LIDC-IDRI-0892,763,val,1,4,3.5,3.0,7.522253979480894,0.6568535380928788,0.22517502465990238,0.9472656249999998,2.768051060409458,6.730932876710313,5.0,1.067293548089997,0.1820322482187299,-0.373996274667428,0.839296544044539,0.5786528120860758,0.8291901906744874,-0.4155626939629973,5.0,1.0,6.0,4.5,5.0,1.0,2.0,5.0
LIDC-IDRI-0892-S763-N3,LIDC-IDRI-0892,763,val,0,4,2.0,3.0,5.278865397763786,0.8406484377725475,0.6110559060404246,0.9458705357142846,2.1330433549711705,5.148568501314786,2.75,-0.4826467940940861,0.6936318731345557,-0.13412890036596897,0.8327597897181309,-0.6279830969981799,-0.6185264603542064,-0.8411518940318654,3.0,1.0,6.0,3.0,5.0,1.0,1.0,5.0
LIDC-IDRI-0893-S762-N1,LIDC-IDRI-0893,762,train,1,4,4.5,1.0,8.005692931698759,0.4585654433892296,0.3847784483776537,0.7178529862193097,3.203602247640541,7.175030076703638,17.0,1.4012978936288116,-0.36990969931335604,-0.2747852071490344,-0.23562681350501394,1.4062832459476056,1.2354979419753531,1.8542463730709662,5.0,1.0,6.0,4.0,4.5,1.5,1.5,5.0
LIDC-IDRI-0893-S762-N2,LIDC-IDRI-0893,762,train,0,3,2.0,1.0,4.083091835615508,1.3681281536013294,0.36778794417938293,0.8231776963340386,1.7827906800696274,4.208455116485278,5.0,-1.3087977780097624,2.1618903788876556,-0.2853466726860592,0.2578769081346992,-1.29353006779803,-1.4786430189897137,-0.4155626939629973,4.0,1.0,6.0,5.0,5.0,1.0,1.0,5.0
LIDC-IDRI-0895-S760-N2,LIDC-IDRI-0895,760,train,1,4,4.5,1.25,5.024435084683571,0.16773949355322176,1.1441243893765018,0.3419502340298112,2.5724270167286583,5.527824668752071,6.75,-0.6584307887757886,-1.179434050158817,0.19723174378731276,-1.996936262902551,0.20692977035920648,-0.27154224032142016,-0.08454887168721095,4.5,1.0,6.0,3.5,4.0,3.0,3.0,4.5
LIDC-IDRI-0896-S759-N0,LIDC-IDRI-0896,759,train,1,4,3.5,2.0,6.412313783088027,0.4749181468171976,0.3349885040423873,0.8297357814599218,2.5530654377337507,6.101988790486511,5.75,0.3004441926901999,-0.3243913690730224,-0.3057351292379161,0.2886051143925468,0.17013907274758935,0.25376468163860033,-0.27369962727337455,4.5,1.0,6.0,4.0,4.5,3.5,1.0,5.0
LIDC-IDRI-0898-S757-N2,LIDC-IDRI-0898,757,val,1,4,3.5,1.0,4.446668244181383,0.8197488722840036,0.6183687467479425,0.664902214035162,2.0408764530565637,4.645070876537204,5.0,-1.0576055647234983,0.6354571910107428,-0.12958316621888796,-0.483730065895729,-0.8031178119422318,-1.0791800913876413,-0.4155626939629973,5.0,1.0,6.0,4.0,4.0,1.0,2.0,5.0
LIDC-IDRI-0902-S753-N0,LIDC-IDRI-0902,753,train,0,4,1.5,1.25,5.95314855686318,0.11526298578243342,0.540054411706617,0.7694444444444445,2.465947139044014,6.263943921260979,14.5,-0.016789617650960764,-1.3255042715807313,-0.1782641318301469,0.006107311480375691,0.004597668073122493,0.40193860617043864,1.381369484105557,4.0,1.0,4.5,3.5,4.0,1.0,1.0,5.0
LIDC-IDRI-0904-S751-N2,LIDC-IDRI-0904,751,train,1,3,4.0,3.0,5.995604864153341,0.46091202384274593,0.6125793374344652,0.6304276991514016,2.4604085401265765,5.820558795863852,2.6666666666666665,0.012543126567081531,-0.36337790935647424,-0.13318192033651113,-0.6452619740142234,-0.005926727587844356,-0.0037176629144979618,-0.8569144569973792,4.0,1.0,6.0,3.0,3.0,3.0,4.0,4.0
LIDC-IDRI-0905-S750-N0,LIDC-IDRI-0905,750,train,1,4,4.0,2.5,6.578494980297494,0.08967291670167615,0.4142205753299181,0.9245926487305798,2.6261752958720654,6.761804291164599,10.75,0.41525753522324227,-1.3967351368882177,-0.2564836896946733,0.7330612820873078,0.30906176515312206,0.8574346718074157,0.6720541506574436,4.0,1.0,6.0,3.5,4.0,2.5,3.0,5.0
LIDC-IDRI-0906-S749-N1,LIDC-IDRI-0906,749,test,0,3,2.0,2.5,3.8489231017964607,0.8347268828246479,0.514966193792724,0.9604621330046474,1.6306861658769292,4.197114039344058,2.3333333333333335,-1.4705831995734686,0.6771490148205118,-0.19385921634270162,0.901129382756821,-1.5825576924818094,-1.4890190527738678,-0.9199647088594335,3.0,1.0,6.0,4.0,5.0,1.0,1.0,5.0
LIDC-IDRI-0906-S749-N3,LIDC-IDRI-0906,749,test,0,4,2.5,2.5,4.18768412044482,0.7916597305410408,9.635694960829882,0.7285162110919121,1.790515859539992,4.477074869092006,2.25,-1.236535753026967,0.5572700682725547,5.475676038262471,-0.18566378817526707,-1.2788507515106335,-1.2328808578270782,-0.9357272718249473,3.5,1.0,6.0,4.0,4.0,1.0,1.0,4.5
LIDC-IDRI-0908-S747-N0,LIDC-IDRI-0908,747,train,0,4,2.0,1.25,4.182456551435739,0.2267020278172326,1.4293626694031503,0.27323677308543315,2.116777947680848,4.864812853634726,3.75,-1.2401474412403948,-1.015309743847115,0.3745386811911051,-2.3188963107000484,-0.6588904770886903,-0.8781365617679037,-0.6520011384457018,2.5,1.0,6.0,3.0,3.0,1.5,1.0,2.0
LIDC-IDRI-0910-S745-N0,LIDC-IDRI-0910,745,train,1,4,3.5,3.0,8.923877067774525,0.30323298719649167,0.6134380262490842,0.5606149728061651,3.5076054483022503,7.9416338201330285,6.5,2.0356644254259884,-0.8022831028406651,-0.13264815087229773,-0.9723726798653006,1.9839473833328076,1.9368692704509745,-0.13183656058375184,5.0,1.0,6.0,4.0,2.0,2.5,2.0,1.5
LIDC-IDRI-0910-S745-N1,LIDC-IDRI-0910,745,train,1,4,5.0,3.0,7.225074034440499,0.503480372558378,0.25157917785392625,0.9297093883560045,2.729930355639076,6.634189915230761,5.0,0.86197415337613,-0.2448874002391938,-0.3575831917630733,0.7570359984198558,0.5062161930315171,0.7406793531066437,-0.4155626939629973,5.0,1.0,6.0,4.0,4.0,3.5,3.0,5.0
LIDC-IDRI-0911-S744-N0,LIDC-IDRI-0911,744,train,0,4,2.0,2.0,7.377922449999453,0.5666905642493172,0.29465679497578,0.8867664957264971,2.7914092350599526,6.683100433948955,7.5,0.9675759770835549,-0.06893958875855125,-0.3308057186910316,0.5558251210526,0.6230378046815512,0.7854279416490776,0.057314195002411764,5.0,1.0,5.5,5.0,5.0,1.0,1.5,5.0
LIDC-IDRI-0912-S743-N0,LIDC-IDRI-0912,743,val,0,4,1.0,2.0,4.217585635947861,0.2981175639105894,0.48143276794460726,0.7314285714285714,1.8103712963080956,4.7925810330583385,4.25,-1.215877020274065,-0.8165220650692931,-0.21470392567565397,-0.17201779130205785,-1.2411216298168906,-0.9442219786343032,-0.5574257606526201,4.5,1.0,3.0,4.5,5.0,1.0,1.0,5.0
LIDC-IDRI-0912-S743-N2,LIDC-IDRI-0912,743,val,1,4,3.5,2.0,6.149254171282398,0.19679530595802916,0.2689330302526509,0.8583529411764705,2.4034292765364955,6.222698808319562,9.0,0.11869828025235082,-1.0985561653326776,-0.34679586538918034,0.4226921183585795,-0.11419820985830711,0.3642031530047143,0.3410403283816572,4.5,1.0,6.0,5.0,5.0,1.0,1.0,5.0
LIDC-IDRI-0912-S743-N5,LIDC-IDRI-0912,743,val,0,4,2.5,2.0,4.4657931559252875,0.2566458927726447,0.19008883617912567,1.0110924369747898,1.8610267302718337,5.0146194466014125,6.0,-1.0443923066663952,-0.9319599332352941,-0.39580619661800753,1.138359975746804,-1.144866631511468,-0.7410774226441862,-0.22641193837683365,3.5,1.0,6.0,5.0,5.0,1.0,1.0,5.0
LIDC-IDRI-0913-S742-N0,LIDC-IDRI-0913,742,test,0,3,2.0,1.5,4.3665245678258495,0.12938629157130258,0.4344612204500519,0.7757575757575758,2.0056222907272847,5.164890580866924,7.333333333333333,-1.1129762295145749,-1.2861915487753104,-0.24390190439926113,0.03568777550289004,-0.8701074529290805,-0.6035932713147739,0.025789069071384438,3.0,1.0,6.0,3.0,4.0,2.0,1.0,5.0
LIDC-IDRI-0913-S742-N2,LIDC-IDRI-0913,742,test,1,3,5.0,1.5,7.000779057066191,0.10875314477610613,0.20376910693259778,0.9117620401268901,2.7389022241181142,6.9860362141599115,19.0,0.7070104360714732,-1.3436246450127645,-0.3873024049462649,0.672942881667064,0.5232644565182045,1.062586085514739,2.2325478842432935,5.0,1.0,6.0,5.0,4.0,1.0,1.0,5.0
LIDC-IDRI-0914-S741-N0,LIDC-IDRI-0914,741,train,0,4,1.0,1.25,3.6580286376926616,1.3755904384431046,0.4454217930124462,0.8222215205931926,1.630554635929263,3.913037716084771,3.0,-1.6024707528156379,2.1826619135315495,-0.237088704035521,0.2533967031938541,-1.5828076245009246,-1.7489225426022963,-0.7938642051353245,3.5,1.0,3.0,4.5,5.0,1.0,1.0,5.0
LIDC-IDRI-0916-S739-N1,LIDC-IDRI-0916,739,test,0,3,2.0,2.5,3.870292149226855,1.4369267969820314,9.798795339482224,0.8540311441245385,1.6568467816965686,4.043023066371597,1.6666666666666667,-1.455819485005098,2.3533938439437008,5.57706084757188,0.40244214162494557,-1.5328475264768988,-1.6299980022586746,-1.0460652125835426,3.0,1.0,6.0,4.0,4.0,1.0,1.0,5.0
LIDC-IDRI-0916-S739-N2,LIDC-IDRI-0916,739,test,0,3,2.0,2.5,4.284657506805875,1.2622841330156227,0.5066395873608872,0.8714603511474871,1.7006663794688186,4.350391069528004,2.0,-1.1695375678422324,1.8672697918876533,-0.1990351172956094,0.4841074841802185,-1.4495819223892588,-1.3487847854534474,-0.9830149607214882,3.0,1.0,6.0,4.0,4.0,1.0,1.0,4.0
LIDC-IDRI-0916-S739-N7,LIDC-IDRI-0916,739,test,0,3,2.0,2.5,4.504250458397363,0.7920222314598151,0.532004013536518,0.8821860170077657,1.9598955097565822,4.672792412975486,2.6666666666666665,-1.0178224448783755,0.5582791024427074,-0.1832683389943746,0.5343630795988598,-0.9569970693125505,-1.0538174565117344,-0.8569144569973792,3.0,1.0,6.0,2.0,4.0,1.0,1.0,5.0
LIDC-IDRI-0919-S736-N0,LIDC-IDRI-0919,736,train,1,4,4.5,1.25,6.812908929285887,0.30197659505688634,0.8204855626222758,0.852757556696632,2.7415608558291975,6.527827379491104,13.25,0.577212374107952,-0.8057803149422498,-0.003945353450082241,0.39647468978177625,0.5283163644937291,0.6433674972343535,1.1449310396228527,4.5,1.0,6.0,3.5,3.0,3.0,2.5,5.0
LIDC-IDRI-0921-S734-N0,LIDC-IDRI-0921,734,train,1,4,3.5,2.0,6.257396707692053,0.09840127461993764,0.547864588052778,0.7123095665921028,2.7548448348853087,6.528147629225438,9.5,0.19341314741956372,-1.372439442911419,-0.17340924892876364,-0.26160075840035046,0.5535584615696435,0.643660496040502,0.435615706174739,4.5,1.0,6.0,3.5,4.5,2.5,1.0,5.0
LIDC-IDRI-0921-S734-N3,LIDC-IDRI-0921,734,train,1,3,5.0,2.0,8.483340283576958,0.025949027427661652,0.37312740668740024,0.9036505316365386,3.4575677297269753,8.451313251059783,27.666666666666668,1.7313008659390148,-1.5741128438190577,-0.2820276099551015,0.6349360395524253,1.8888661622318668,2.4031786807946283,3.8718544326567117,5.0,1.0,6.0,5.0,3.0,3.0,4.0,5.0
LIDC-IDRI-0921-S734-N4,LIDC-IDRI-0921,734,train,1,4,4.5,2.0,6.581237934221926,0.06966826561939687,0.492234202821858,0.7326546250684182,2.8656314791502413,6.855303986406719,12.5,0.41715262151318666,-1.4524187930076382,-0.20798964687172586,-0.1662730611856854,0.7640742428305095,0.9429782215566895,1.00306797293323,5.0,1.0,6.0,2.0,3.5,3.0,3.5,5.0
LIDC-IDRI-0923-S732-N0,LIDC-IDRI-0923,732,train,0,4,2.5,0.75,5.036033080495347,0.6238072948335409,0.7536807419690632,0.5214923998157499,2.2369894161925243,5.096029687358203,7.0,-0.6504178204725467,0.0900468575151782,-0.045471891026750144,-1.1556832757345912,-0.43046572988058474,-0.6665946025425263,-0.03726118279067005,5.0,1.0,6.0,4.0,5.0,1.0,1.0,5.0
LIDC-IDRI-0925-S730-N0,LIDC-IDRI-0925,730,test,1,4,4.5,1.0,6.814880200300922,0.4273788534095649,0.524556945043989,0.6540441993689305,2.8394237821129926,6.42433949677819,10.5,0.5785743104646233,-0.4567186791262222,-0.18789751046085257,-0.5346057876666876,0.7142746135209427,0.5486856822789704,0.6247664617609027,5.0,1.0,6.0,3.5,4.0,2.0,3.0,5.0
LIDC-IDRI-0929-S726-N0,LIDC-IDRI-0929,726,train,0,4,1.0,1.25,4.6463796786634255,1.2135214148088047,0.40697195227161137,0.9135802469135802,1.8577540664510392,4.608166403875152,4.5,-0.9196264327880735,1.7315370354947195,-0.260989505515547,0.6814621722966298,-1.151085317758442,-1.1129442612596607,-0.5101380717560791,5.0,1.0,3.0,4.5,5.0,1.0,1.0,5.0
LIDC-IDRI-0933-S722-N4,LIDC-IDRI-0933,722,test,0,3,1.0,2.0,5.081413273802992,0.6905603744862802,0.38431330405359304,0.8571945701357521,2.1457763404608894,5.086273644086464,4.0,-0.6190649853387442,0.2758564233509999,-0.2750743454636472,0.4172645181400597,-0.6037879929228063,-0.6755204773361382,-0.604713449549161,5.0,1.0,3.0,3.0,5.0,1.0,1.0,5.0
LIDC-IDRI-0933-S722-N5,LIDC-IDRI-0933,722,test,0,3,1.0,2.0,6.825491249186848,0.2731849534378234,0.7327741453526818,0.7756601955918893,2.947315927980814,6.572327048340577,8.333333333333334,0.5859054045404409,-0.8859228710126067,-0.05846763836206838,0.035231496305654836,0.9192902950588762,0.6840805672202364,0.21493982465754824,5.0,1.0,3.0,3.0,5.0,2.0,1.0,5.0
LIDC-IDRI-0935-S720-N0,LIDC-IDRI-0935,720,train,0,4,1.0,3.0,6.574353085389523,0.658460171041372,0.4482393708049879,1.4144927536231884,2.3855164164571514,6.100897773678959,5.0,0.41239593110201744,0.18650436803956863,-0.23533726979869335,3.028510514587771,-0.14823606486546814,0.25276650244333687,-0.4155626939629973,5.0,1.0,3.0,4.5,5.0,1.0,1.0,5.0
LIDC-IDRI-0936-S719-N0,LIDC-IDRI-0936,719,val,1,4,4.5,1.25,6.462771188825826,0.3763255562863738,0.6965666230710293,0.5335702949240988,2.8159559780091628,6.208390868712389,6.75,0.33530483580495923,-0.598827343210278,-0.08097459249928865,-1.0990917486461085,0.6696813040279637,0.3511127152185124,-0.08454887168721095,3.5,1.0,6.0,3.0,2.5,3.0,2.5,2.5
LIDC-IDRI-0936-S719-N1,LIDC-IDRI-0936,719,val,1,4,4.5,1.25,6.906396120515726,0.2590951859532695,0.7658793092925105,0.599183767524846,2.904047798579458,6.624488066145923,8.5,0.6418019732284481,-0.925142238757915,-0.03788914086911933,-0.7916568372857786,0.8370725861910041,0.7318030609679406,0.2464649505885754,4.0,1.0,6.0,3.0,1.0,2.0,1.5,1.0
LIDC-IDRI-0938-S717-N0,LIDC-IDRI-0938,717,train,1,4,5.0,1.25,6.55930097848089,0.5804590332402882,0.6490117921467367,0.5829957600748054,2.6920163887391504,6.130318867049111,6.75,0.4019965433531946,-0.030614566770875425,-0.11053514597462777,-0.8675064827661633,0.43417241541199014,0.2796840742907137,-0.08454887168721095,4.0,1.0,6.0,4.0,2.0,3.0,1.0,1.0
LIDC-IDRI-0939-S716-N2,LIDC-IDRI-0939,716,train,1,4,4.0,1.25,7.180846901887407,0.10350481085264092,0.3956398884360085,0.7393004115226337,2.8616506694395984,7.124540005216945,22.5,0.8314179592678891,-1.3582335687171627,-0.26803362853075835,-0.1351339263634238,0.7565099441567199,1.1893042091414452,2.8945755287948662,5.0,1.0,6.0,3.5,5.0,2.5,1.5,5.0
LIDC-IDRI-0940-S715-N0,LIDC-IDRI-0940,715,val,1,4,5.0,1.25,6.24063366369969,0.10781411239942368,0.6343707820169235,0.5457182672400064,2.6849508237825215,6.480689422580371,13.0,0.18183168607429634,-1.346238474953268,-0.11963614274957865,-1.0421718716130148,0.4207464926686569,0.6002406383538991,1.0976433507263117,4.5,1.0,6.0,3.5,3.0,3.5,2.0,3.0
LIDC-IDRI-0942-S713-N0,LIDC-IDRI-0942,713,test,1,7,5.0,1.0,7.925831343456605,0.2652922579205512,0.5820766689058524,0.6075392463608846,3.315561696632055,7.32571158324863,16.142857142857142,1.3461221213991672,-0.9078924690441561,-0.1521426809291851,-0.7525068610154877,1.6190275801619511,1.3733575458815312,1.6921171539971116,5.0,1.0,6.0,4.0,4.0,2.0,3.0,5.0
LIDC-IDRI-0942-S713-N1,LIDC-IDRI-0942,713,test,1,4,5.0,1.0,6.74160625504252,0.6425492704952529,0.43172984756848753,0.7425216573660438,2.7307144232783878,6.222852614253943,10.75,0.5279498913548241,0.1422158117975045,-0.2455997528103955,-0.12004063239368294,0.5077060712812488,0.3643438711703236,0.6720541506574436,5.0,1.0,6.0,4.5,4.5,2.5,2.0,5.0
LIDC-IDRI-0944-S711-N0,LIDC-IDRI-0944,711,train,0,4,1.0,3.0,5.293938515403552,0.973361261995833,9.888469431339733,1.0668420187407528,1.9875778324843525,5.102378758614558,2.5,-0.47223289018873704,1.063042728454734,5.632803150429112,1.399577177782215,-0.9043953695786359,-0.6607857911718237,-0.8884395829284063,5.0,1.0,3.0,5.0,5.0,1.0,1.0,5.0
LIDC-IDRI-0946-S709-N0,LIDC-IDRI-0946,709,train,0,4,2.0,3.0,6.607725311432839,0.6459932974406004,0.19152080951297146,0.9909854851031321,2.5241893344885,6.121649958873704,4.0,0.4354525517314362,0.15180238300546872,-0.3949160678237784,1.044147937862391,0.11526896205169587,0.2717528272865978,-0.604713449549161,5.0,1.0,4.5,5.0,4.0,1.0,1.0,5.0
LIDC-IDRI-0951-S704-N0,LIDC-IDRI-0951,704,train,0,4,1.0,1.0,7.685834863962633,0.5702019993611106,0.2223791296890043,0.9128869263710049,2.9323116179224415,6.894214642761527,17.0,1.1803103540658657,-0.05916538452741776,-0.3757342306477624,0.6782135873474998,0.8907792405434505,0.9785778634490513,1.8542463730709662,5.0,1.0,3.0,4.0,5.0,1.0,1.0,5.0
LIDC-IDRI-0956-S699-N1,LIDC-IDRI-0956,699,train,0,4,1.0,1.25,4.3480352545267245,1.0010487414425757,0.5780950883123275,0.7800993534536556,1.8498205384119797,4.474731979472361,4.0,-1.1257503573741632,1.1401118099390726,-0.15461767082534605,0.056031372453820935,-1.166160536115121,-1.2350243845435684,-0.604713449549161,4.0,1.0,3.0,3.5,5.0,1.0,1.0,5.0
LIDC-IDRI-0956-S699-N2,LIDC-IDRI-0956,699,train,0,4,1.0,1.25,4.929167764977089,0.9834546825920816,0.39736303790535327,0.8322024642594654,1.9899629664814689,4.870376505013072,5.0,-0.724250265307048,1.091138122832697,-0.2669625017694066,0.30016286888675286,-0.8998631594900798,-0.8730463367437614,-0.4155626939629973,4.5,1.0,3.0,4.5,5.0,1.0,1.5,5.0
LIDC-IDRI-0957-S698-N1,LIDC-IDRI-0957,698,val,0,3,2.0,5.0,5.033957398609565,1.2129080016450908,10.12254961262575,1.3938325049436162,1.8600424279184227,4.867933414735421,1.6666666666666667,-0.6518518935165719,1.729829578187572,5.778309707427249,2.9317059793342244,-1.146736993957231,-0.8752815377694652,-1.0460652125835426,3.0,1.0,6.0,3.0,4.0,1.0,2.0,5.0
LIDC-IDRI-0961-S694-N0,LIDC-IDRI-0961,694,val,0,4,1.0,3.0,5.180012634832511,1.125264838503522,0.2899765167660322,1.3020833333333337,1.9182964681569785,4.988199081967615,2.75,-0.5509434264529217,1.4858717237105954,-0.33371502593931035,2.50181106105993,-1.0360431926078995,-0.765249605992941,-0.8411518940318654,4.5,1.0,3.0,5.0,5.0,1.0,1.0,5.0
LIDC-IDRI-0961-S694-N2,LIDC-IDRI-0961,694,val,0,3,2.0,3.0,5.370864681510004,0.8134072726002487,0.6762275856905957,1.105816226783969,2.2747064632309515,5.2175684440827945,3.0,-0.41908517909239007,0.6178051232698543,-0.09361753939733132,1.5821926029406266,-0.35879613760410317,-0.5553979119499848,-0.7938642051353245,3.0,1.0,6.0,3.0,3.0,1.0,1.0,5.0
LIDC-IDRI-0962-S693-N0,LIDC-IDRI-0962,693,train,1,4,3.5,3.0,6.056614914932787,0.683207403410164,0.42324287642517494,0.7973585999831638,2.434559777075705,5.740800774882424,3.0,0.054694512979766366,0.2553891674526356,-0.2508753380548253,0.13690035738367862,-0.055044313776919734,-0.07668885515272524,-0.7938642051353245,5.0,1.0,6.0,4.0,4.5,1.0,1.0,5.0
LIDC-IDRI-0963-S692-N0,LIDC-IDRI-0963,692,train,0,4,2.0,1.25,3.8058818981027893,0.2552197245031949,0.49157548749817115,0.7584226259129505,1.82049943232431,4.572977959919422,6.75,-1.5003200443290583,-0.9359297232185256,-0.20839911083516355,-0.04553592075453732,-1.2218762371947351,-1.14513842401422,-0.08454887168721095,4.0,1.0,6.0,4.5,4.5,1.0,1.0,5.0
LIDC-IDRI-0965-S690-N0,LIDC-IDRI-0965,690,train,1,4,4.0,2.0,7.3068738693818664,0.07424676457754967,0.3407385670251014,0.7318206627680313,2.9791144340471862,7.305027383285566,14.5,0.9184890457103786,-1.439674378697171,-0.30216083318884196,-0.17018062949040555,0.9797135292122876,1.3544334212201365,1.381369484105557,5.0,1.0,6.0,3.0,2.5,2.5,2.0,3.5
LIDC-IDRI-0966-S689-N0,LIDC-IDRI-0966,689,train,0,3,2.0,2.5,4.380881346817135,0.6790728008896085,0.629094586763831,0.7856081783003307,1.90532273479102,4.626941036870248,2.3333333333333335,-1.1030572386078004,0.2438803546271502,-0.122915877928822,0.0818432219308728,-1.0606957636242547,-1.095767213275906,-0.9199647088594335,3.0,1.0,6.0,4.0,5.0,1.0,1.0,5.0
LIDC-IDRI-0966-S689-N1,LIDC-IDRI-0966,689,train,1,4,3.5,2.5,5.311109586536776,0.5238362821507134,0.6183817450972988,0.6771740066649024,2.233550865319948,5.332858521309055,3.0,-0.46036952595269115,-0.18822600359320577,-0.12957508631630457,-0.4262300231482034,-0.43699963320574214,-0.44991818358013835,-0.7938642051353245,3.5,1.0,6.0,4.5,2.0,1.0,1.0,2.0
LIDC-IDRI-0968-S687-N1,LIDC-IDRI-0968,687,test,1,3,5.0,1.0,8.472883256167583,0.33712306858879715,0.5028499079973152,0.6791241351241352,3.437577234292755,7.587154887959811,21.666666666666668,1.7240761841459438,-0.7079488587518002,-0.20139081948829732,-0.41709260751934873,1.8508804032800659,1.6125539227815973,2.73694989913973,5.0,1.0,6.0,3.0,4.0,3.0,3.0,5.0
LIDC-IDRI-0974-S681-N0,LIDC-IDRI-0974,681,train,0,4,2.5,3.0,6.496255745874415,0.5609527949761388,0.5899712656859621,0.7843463203463203,2.6220435082090185,6.096541455344885,3.75,0.3584390650832632,-0.08491087312567845,-0.1472353214506876,0.07593072907134871,0.30121057953718905,0.248780875183595,-0.6520011384457018,5.0,1.0,5.5,5.0,5.0,1.0,2.0,5.0
LIDC-IDRI-0976-S679-N1,LIDC-IDRI-0976,679,val,1,4,5.0,2.5,8.599623455013662,0.10211524629878567,0.3349810355385206,0.887481814526277,3.302149820153416,8.069854280077069,18.0,1.8116400367789165,-1.3621014709592145,-0.3057397717338233,0.559176779836808,1.593542453558395,2.054179099811323,2.04339712865713,5.0,1.0,6.0,4.0,4.5,2.0,1.0,5.0
LIDC-IDRI-0978-S677-N4,LIDC-IDRI-0978,677,train,1,4,3.5,1.5,6.07318162692212,0.10095655316742935,0.5444595013231468,0.9528160022698255,2.3682674571037756,6.389724335468424,16.5,0.06614033001693734,-1.3653267344046507,-0.17552588453450632,0.8653030892909469,-0.1810123817067772,0.5170160199777913,1.7596709952778844,5.0,1.0,6.0,3.0,4.0,3.0,1.5,5.0
LIDC-IDRI-0980-S675-N0,LIDC-IDRI-0980,675,val,0,4,2.0,3.0,6.219004837832826,0.8673677571341926,0.22253884158495651,1.4722119985277846,2.2199020592323175,5.767261150912621,4.25,0.1668884925329138,0.7680060466684685,-0.37563495215282966,3.298956662881218,-0.4629349713133252,-0.05248006508702326,-0.5574257606526201,4.5,1.0,6.0,5.0,4.5,5.0,5.0,5.0
LIDC-IDRI-0980-S675-N2,LIDC-IDRI-0980,675,val,1,3,5.0,3.0,6.735146360437505,0.6239410049172726,0.33622485594454377,0.7865326424883201,2.7272063526897727,6.221446525454519,4.0,0.5234867986315352,0.09041904427772599,-0.30496660066137216,0.08617484094789597,0.5010400672192924,0.3630574303230678,-0.604713449549161,4.0,1.0,6.0,3.0,2.0,3.0,4.0,4.0
LIDC-IDRI-0982-S673-N0,LIDC-IDRI-0982,673,val,0,4,2.5,1.25,4.59458293257012,0.1829881989716816,0.44836724511851045,1.0051273474195346,1.903080308163407,5.211051756534642,10.25,-0.955412416107304,-1.136988737551489,-0.23525778186004367,1.1104102772171238,-1.0649568024576292,-0.561360076682525,0.5774787728643618,3.5,1.0,6.0,3.0,4.0,1.0,1.0,5.0
LIDC-IDRI-0985-S670-N0,LIDC-IDRI-0985,670,train,0,4,2.5,0.75,4.88224535512129,0.7679623900066753,0.34746921591030555,0.9664363580531089,2.044433235787198,4.918271923221294,10.0,-0.7566686062849332,0.4913076800342859,-0.29797699523951654,0.9291218860555946,-0.7963592455077791,-0.8292264710249732,0.5301910839678208,4.5,1.0,6.0,4.5,5.0,1.0,1.0,5.0
LIDC-IDRI-0987-S668-N0,LIDC-IDRI-0987,668,val,0,4,2.0,1.25,3.8578472713261216,0.2520978166521834,0.8735193871559173,0.5136363636363637,1.801725133005486,4.606767682386985,5.25,-1.4644175577906597,-0.9446196644975433,0.02902099666951452,-1.192493090711914,-1.2575509912677638,-1.1142239617003793,-0.3682750050664564,3.0,1.0,6.0,4.5,3.0,1.0,1.0,5.0
LIDC-IDRI-0987-S668-N2,LIDC-IDRI-0987,668,val,0,3,2.0,1.25,4.738813470138982,0.1689937575751386,0.5556340861875655,0.7342657342657342,1.9539203910938368,5.333770604526615,9.0,-0.8557646196556651,-1.175942761748331,-0.16857965200609626,-0.1587241357343138,-0.9683509358526925,-0.44908371202496655,0.3410403283816572,5.0,1.0,6.0,4.0,5.0,1.0,1.0,5.0
LIDC-IDRI-0993-S662-N0,LIDC-IDRI-0993,662,train,0,3,1.0,3.0,6.624492992869115,0.5775290274417708,0.34550494802877657,0.7875143184421535,2.702881269810284,6.196713632540771,3.6666666666666665,0.44703721705191457,-0.03877034187744945,-0.2991980035918387,0.09077452829698301,0.4548177643362383,0.34042912709777995,-0.6677637014112154,4.0,1.0,5.0,4.0,4.0,1.0,1.0,5.0
LIDC-IDRI-0994-S661-N4,LIDC-IDRI-0994,661,val,1,3,5.0,1.25,7.519940146821457,0.04287365723348671,1.034202042447996,0.48849484127126597,3.2290219832797815,7.678128749037257,21.0,1.0656949384629573,-1.5270025362120994,0.12890292521390928,-1.3102948377221695,1.4545855981223184,1.695786568522417,2.6108493954156207,5.0,1.0,6.0,3.0,2.0,3.0,4.0,4.0
LIDC-IDRI-0997-S658-N2,LIDC-IDRI-0997,658,train,0,4,2.0,0.75,4.112091074612115,0.554105667845929,1.3205840154109132,0.3139123242348998,2.1020103091508027,4.510569504988537,3.5,-1.2887624213266697,-0.10397009445157814,0.3069207934641547,-2.1283091650042048,-0.6869518105026368,-1.2022363723586604,-0.6992888273422427,3.5,1.0,6.0,3.0,3.5,2.0,1.5,5.0
LIDC-IDRI-0997-S658-N3,LIDC-IDRI-0997,658,train,0,4,1.0,0.75,4.2465411627537035,0.9085266596442316,0.701626349954371,0.5538100609068262,1.9291679479624155,4.433363751492744,5.25,-1.195871864015662,0.8825733122606177,-0.07782941620071775,-1.0042574042010814,-1.0153853048283008,-1.2728724765512467,-0.3682750050664564,4.0,1.0,3.0,5.0,4.5,1.5,1.0,5.0
LIDC-IDRI-0998-S657-N5,LIDC-IDRI-0998,657,test,1,4,4.0,3.0,6.233622118879477,0.6759007429904321,0.6804229689488622,0.6774515235457064,2.516221897108115,5.863184899310653,2.75,0.1769874623555677,0.2350508189095742,-0.09100964764910985,-0.42492970517585443,0.10012930947076101,0.03528126848711419,-0.8411518940318654,4.0,1.0,6.0,4.5,4.5,1.5,1.5,5.0
LIDC-IDRI-0998-S657-N6,LIDC-IDRI-0998,657,test,1,4,3.5,3.0,5.782331640605742,0.7005003601568442,10.330846760057646,0.5656965944272446,2.4678510117803043,5.540961907534352,2.25,-0.1348057436991005,0.30352472616893605,5.907789275448923,-0.9485625105400222,0.008215389858638174,-0.25952288521625133,-0.9357272718249473,5.0,1.0,6.0,3.5,4.0,1.5,2.0,4.0
LIDC-IDRI-0999-S656-N3,LIDC-IDRI-0999,656,train,0,4,1.0,1.25,3.4607320595264097,1.2410353303318447,0.7570796561116979,0.6064912368930255,1.660913995603673,3.81029809265026,2.5,-1.7387814786376838,1.808122995638803,-0.043359092362164536,-0.7574173570627946,-1.5251190433290422,-1.8429197697133917,-0.8884395829284063,3.5,1.0,3.0,3.0,5.0,1.0,1.0,5.0
LIDC-IDRI-1000-S655-N0,LIDC-IDRI-1000,655,train,1,4,3.5,3.0,5.604482059440892,0.8723429382016757,10.820233724074447,0.653563915759038,2.2943634231988974,5.33864697215954,2.0,-0.2576806851757811,0.7818546397058643,6.211997054948407,-0.5368561783743034,-0.32144415973419005,-0.44462228788745795,-0.9830149607214882,4.5,1.0,6.0,4.0,3.5,5.0,2.5,4.5
LIDC-IDRI-1000-S655-N2,LIDC-IDRI-1000,655,train,0,4,2.5,3.0,4.69006926238832,1.2831845163923368,0.3661217168308649,1.0525551684088275,1.8687877785732274,4.618982998355974,2.0,-0.8894416271327764,1.9254467506322093,-0.2863824160938394,1.332635490483626,-1.1301191575951706,-1.1030480804679281,-0.9830149607214882,1.0,1.0,6.0,5.0,4.0,3.0,2.5,5.0
LIDC-IDRI-1000-S655-N3,LIDC-IDRI-1000,655,train,0,3,1.0,3.0,7.507449575794175,0.5197485997589236,0.4993499321545517,0.8613337881630571,2.903150169503636,6.815302659475756,5.666666666666667,1.057065296639033,-0.1996042125753891,-0.20356643910572622,0.43665901254624506,0.8353669195248381,0.9063807172386826,-0.28946219023888814,5.0,1.0,5.0,5.0,4.0,5.0,5.0,5.0
LIDC-IDRI-1002-S653-N0,LIDC-IDRI-1002,653,val,1,4,4.0,2.0,7.837027482075071,0.08321012619291301,0.3057748501768884,1.0957570992245915,2.9340678463630607,7.632442234813511,21.0,1.2847681997385645,-1.4147245435907725,-0.3238946255607173,1.5350601030591273,0.8941164099712506,1.6539876450901045,2.6108493954156207,5.0,1.0,6.0,5.0,4.5,1.5,1.5,4.5
LIDC-IDRI-1002-S653-N1,LIDC-IDRI-1002,653,val,1,4,4.0,2.0,8.176549219789974,0.08463323865380601,0.2339917611102671,1.2088701285377186,3.0299001970147876,7.849657313869008,25.0,1.5193412213815578,-1.410763259559089,-0.36851570404498385,2.065056348680542,1.0762161775142531,1.8527192973522788,3.3674524177602754,5.0,1.0,6.0,4.5,5.0,1.5,1.0,5.0
LIDC-IDRI-1002-S653-N2,LIDC-IDRI-1002,653,val,1,4,4.5,2.0,8.214155228219141,0.10278365933376847,0.07570652719782624,1.1090330149153678,3.0275058626114664,7.8116348830954125,22.0,1.5453229305013694,-1.360240919558811,-0.46690737173641644,1.597265010097907,1.0716664848968869,1.8179322994904492,2.8000001510017842,5.0,1.0,6.0,5.0,5.0,1.0,1.5,5.0
LIDC-IDRI-1002-S653-N3,LIDC-IDRI-1002,653,val,1,4,3.5,2.0,5.775305102593704,0.10793497107861774,0.26642766155993575,1.0257140435630139,2.2677581381866845,6.158369773458274,10.25,-0.13966032610158924,-1.3459020605312615,-0.3483532273601303,1.206870178716081,-0.37199928212439726,0.30534805214337624,0.5774787728643618,4.5,1.0,6.0,4.0,5.0,1.5,1.5,5.0
LIDC-IDRI-1003-S652-N1,LIDC-IDRI-1003,652,train,0,3,2.0,2.0,4.150370217355704,0.8822818339281628,10.027181205492107,0.4840727272727303,1.9161367380406016,4.3859091454916905,1.6666666666666667,-1.2623156487585847,0.8095199086257873,5.7190277618469985,-1.3310148540736528,-1.0401470922771994,-1.3162890399825105,-1.0460652125835426,3.0,1.0,6.0,4.0,4.0,1.0,1.0,4.0
LIDC-IDRI-1003-S652-N2,LIDC-IDRI-1003,652,train,0,3,2.0,2.0,5.061272245207977,0.5329393625647985,1.3763345313456259,0.3179789473684231,2.363902373689508,5.160769591459897,2.0,-0.6329802709058139,-0.16288725625287534,0.34157586584133254,-2.109254817275986,-0.18930687380300748,-0.6073635944312649,-0.9830149607214882,4.0,1.0,6.0,3.0,4.0,2.0,2.0,5.0
LIDC-IDRI-1003-S652-N4,LIDC-IDRI-1003,652,train,1,3,5.0,2.0,7.563061257072724,0.1724523645197914,0.5247121173880365,0.8218597402597455,2.999507902779297,7.2051036799532655,11.0,1.0954869900597655,-1.1663156065949531,-0.18780105379630438,0.25170156498006047,1.0184650143867353,1.2630124998470404,0.7193418395539845,5.0,1.0,6.0,3.0,3.0,2.0,3.0,4.0
LIDC-IDRI-1003-S652-N5,LIDC-IDRI-1003,652,train,0,3,2.0,2.0,5.135473461802079,0.6073088467019486,0.8532737055091534,0.5760000000000036,2.265260159722766,5.16653537517468,3.0,-0.581715206986165,0.04412284172079693,0.0164360806193108,-0.9002854349118894,-0.3767459182500212,-0.6020884370655444,-0.7938642051353245,3.0,1.0,6.0,3.0,4.0,2.0,2.0,5.0
LIDC-IDRI-1004-S651-N0,LIDC-IDRI-1004,651,val,0,4,2.0,1.25,3.746172462470518,0.2380062077949732,0.30587281141123085,0.8709673823102431,1.6069447377581954,4.551325119839662,6.75,-1.5415728454932087,-0.9838441577689785,-0.3238337318880871,0.48179765626265453,-1.6276709398576572,-1.164948764548267,-0.08454887168721095,3.5,1.0,6.0,4.5,5.0,1.0,1.0,5.0
LIDC-IDRI-1004-S651-N2,LIDC-IDRI-1004,651,val,1,4,5.0,1.25,7.819126931142402,0.07059071807709948,0.6242532582547878,0.6753891005898117,3.1780219502339966,7.696760308059607,25.75,1.2724008433813216,-1.449851113859926,-0.12592529563679555,-0.4345932817783487,1.3576757957521983,1.71283271709015,3.509315484449898,5.0,1.0,6.0,4.0,3.0,3.5,4.0,4.5
LIDC-IDRI-1005-S650-N5,LIDC-IDRI-1005,650,train,0,4,2.5,1.0,5.040959261418359,0.6853597679442932,0.49528049570967475,0.6493898258604142,2.257845887250685,5.077419907369609,6.0,-0.647014359026902,0.26138035050647346,-0.206096041068454,-0.5564140665202643,-0.3908344518661183,-0.6836208253142152,-0.22641193837683365,3.5,1.0,6.0,4.0,4.5,1.0,1.0,5.0
LIDC-IDRI-1007-S648-N0,LIDC-IDRI-1007,648,train,0,4,2.0,2.0,4.369217809421498,0.8802321426918337,0.8080519428352642,0.6660936639118459,1.933637196265833,4.533247688169274,2.25,-1.1111154890996673,0.8038145203395679,-0.01167421454499651,-0.47814747328616786,-1.0068928795500984,-1.1814879379801213,-0.9357272718249473,3.0,1.0,6.0,3.0,4.0,1.0,1.0,5.0
LIDC-IDRI-1007-S648-N1,LIDC-IDRI-1007,648,train,1,3,5.0,2.0,8.590858057535083,0.13632833515090306,0.6452757447555645,0.47297721726887504,3.73985588364615,7.973354936740368,11.333333333333334,1.8055840894151616,-1.266868124144579,-0.11285751000256357,-1.3830033710553626,2.425267563838295,1.9658911502504295,0.782392091416039,5.0,1.0,6.0,4.0,4.0,3.0,3.0,5.0
LIDC-IDRI-1010-S645-N0,LIDC-IDRI-1010,645,train,0,3,2.0,1.25,4.359286194029621,1.0172536468408169,1.4378339332881265,0.3103030303030303,2.117947544955607,4.477048052508474,2.0,-1.117977167671261,1.1852187391192934,0.3798045026483238,-2.1452206759490626,-0.6566680189062071,-1.2329053925139728,-0.9830149607214882,3.0,1.0,6.0,2.0,5.0,1.0,1.0,5.0
LIDC-IDRI-1011-S644-N0,LIDC-IDRI-1011,644,train,1,4,3.5,2.5,8.706041963158137,0.5738236281615644,0.48491769521738015,0.7041322314049587,3.356053732267417,7.564972611854888,7.75,1.8851637857506258,-0.04908445225385764,-0.21253766039824246,-0.2999160344980021,1.6959701807179937,1.592259197385756,0.10460188389895267,5.0,4.0,6.0,5.0,4.0,1.0,3.0,3.5
LIDC-IDRI-1011-S644-N1,LIDC-IDRI-1011,644,train,1,4,5.0,2.5,8.335868452087757,0.43205036903539323,0.5798974432614639,0.600859941622405,3.4922320771661495,7.435855265164522,7.25,1.6294136838325899,-0.4437153496207377,-0.15349730915398804,-0.7838030472837898,1.9547350422893313,1.4741287998320556,0.01002650610587086,5.0,1.0,6.0,3.0,4.0,3.0,1.5,5.0
LIDC-IDRI-1011-S644-N2,LIDC-IDRI-1011,644,train,1,4,5.0,2.5,7.689527977923418,0.5140469726413625,0.6363360471232758,0.5339105339105339,3.1233184424769322,6.925938096407584,5.0,1.1828618987972392,-0.21547489396991132,-0.11841451451243841,-1.097497543393896,1.2537286841703252,1.007601881422189,-0.4155626939629973,5.0,1.0,6.0,3.5,3.0,2.5,2.5,5.0
LIDC-IDRI-1012-S643-N0,LIDC-IDRI-1012,643,val,0,4,2.0,2.5,5.1426071919491525,0.4906752871273642,0.877533697459273,0.5683399649546752,2.22652049325743,5.234225075288664,2.75,-0.5767865663416895,-0.2805308099036592,0.03151633167717899,-0.9361768776573042,-0.450358682729404,-0.5401586391745512,-0.8411518940318654,4.0,1.0,6.0,4.0,3.5,1.0,1.0,4.0
